0.36,0.045,3,8.8,6
0.34,0.049,3.3,9.5,6
0.4,0.05,3.26,10.1,6
0.32,0.058,3.19,9.9,6
0.32,0.058,3.19,9.9,6
0.4,0.05,3.26,10.1,6
0.16,0.045,3.18,9.6,6
0.36,0.045,3,8.8,6
0.34,0.049,3.3,9.5,6
0.43,0.044,3.22,11,6
0.4,0.044,3.54,12.4,7
0.38,0.032,3.25,11.4,7
0.04,0.046,3.24,9.6,6
0.48,0.029,3.33,12.8,8
0.42,0.033,3.12,11.3,6
0.48,0.029,3.33,12.8,8
0.38,0.038,3.17,11,7
0.42,0.049,3.47,10.5,8
0.41,0.052,3.42,10,6
0.32,0.046,3.25,10.4,6
0.35,0.052,3.45,10,6
0.39,0.051,3.38,10.5,6
0.48,0.047,3.19,11.6,6
0.36,0.033,3.1,12.3,7
0.39,0.044,3.2,10,6
0.34,0.042,3.47,10.2,6
0.36,0.05,3.19,10.8,6
0.34,0.045,3.42,9,6
0.32,0.053,3.13,11.2,6
0.39,0.172,3.11,9.4,6
0.39,0.173,3.1,9.4,6
0.26,0.069,3.13,9.8,6
0.27,0.057,3.22,9.5,6
0.26,0.06,3.24,9.5,6
0.31,0.058,3.16,10,7
0.26,0.069,3.13,9.8,6
0.31,0.062,3.35,11.7,6
0.29,0.068,3.34,11,7
0.33,0.057,3.32,10.9,7
0.35,0.045,3.31,10.9,6
0.59,0.147,3.05,9.1,6
0.35,0.039,3.13,11,6
0.34,0.043,3.09,9.6,6
0.26,0.048,3.3,8.9,6
0.15,0.044,3.11,10.2,6
0.36,0.038,3.36,9.9,6
0.24,0.092,3.03,8.6,6
0.26,0.048,3.3,8.9,6
0.15,0.044,3.11,10.2,6
0.27,0.038,3.15,10.3,6
0.24,0.04,3.22,12.6,7
0.31,0.046,3.33,10.7,8
0.43,0.056,3.1,9,6
0.46,0.054,2.95,9.1,6
0.31,0.046,3.33,10.7,8
0.36,0.043,3.26,12.7,7
0.34,0.042,3.31,12,7
0.31,0.053,3.39,10.6,6
0.34,0.05,3.21,9.2,6
0.3,0.047,3.33,9.5,6
0.62,0.044,3.12,8.7,6
0.63,0.044,3.09,8.7,6
0.31,0.05,3.22,9.7,6
0.62,0.044,3.12,8.7,6
0.63,0.044,3.09,8.7,6
0.33,0.035,3.26,12.6,7
0.33,0.034,3.25,12.6,7
0.32,0.04,3.21,11.5,7
0.29,0.044,3.04,9.2,6
0.66,0.046,3.14,8.8,6
0.36,0.034,2.95,11.4,7
0.66,0.046,3.14,8.8,6
0.32,0.051,3.2,9.2,6
0.35,0.04,3.16,9.1,6
0.35,0.04,3.16,9.1,6
0.54,0.082,2.89,8.8,6
0.24,0.041,3.31,11.3,6
0.4,0.035,3.19,11.8,6
0.28,0.058,3.29,9.1,6
0.47,0.092,3.21,9.8,6
0.36,0.026,3.27,11,6
0.32,0.038,3.45,9.7,7
0.56,0.044,3.3,10.9,7
0.56,0.046,3.31,10.9,6
0.32,0.038,3.45,9.7,7
0.4,0.027,3.12,10.7,6
0.36,0.035,3.15,10.8,7
0.39,0.029,3.23,11.8,6
0.4,0.039,3.21,10.8,6
0.41,0.036,3.18,9.7,6
0.4,0.037,3.12,11.2,6
0.37,0.04,3,10.9,6
0.27,0.044,3.28,10.1,6
0.33,0.034,3.38,12,7
0.3,0.054,2.99,9.4,6
0.38,0.043,3.12,11.5,7
0.46,0.055,3.14,9.9,6
0.3,0.054,2.99,9.4,6
0.4,0.049,3.06,9.7,6
0.42,0.066,2.89,8.9,6
0.42,0.066,2.89,8.9,6
0.24,0.036,3.29,12.4,7
0.04,0.036,3.36,12.1,8
0.04,0.036,3.36,12.1,8
0.24,0.036,3.29,12.4,7
0.42,0.066,2.89,8.9,6
0.46,0.048,3.14,9.6,6
0.18,0.034,3.08,12.6,7
0.46,0.066,3.12,12.7,6
0.45,0.045,3.13,11,6
0.43,0.038,3.35,11.5,7
0.4,0.04,3.11,11.4,6
0.32,0.049,3.19,9.2,6
0.31,0.048,3.19,9.3,6
0.4,0.05,3.18,9.6,6
0.41,0.04,3.12,9.9,6
0.35,0.034,3.26,12.7,8
0.28,0.052,3.09,8.9,6
0.36,0.045,3.02,11.4,6
0.45,0.197,3.02,9.1,6
0.34,0.034,3.33,12,6
0.31,0.048,3.22,9.5,6
0.38,0.038,3.32,11.2,7
0.29,0.051,3.44,9.7,6
0.25,0.03,3.3,11.1,7
0.21,0.07,3,9.1,6
0.25,0.03,3.3,11.1,7
0.3,0.043,3.42,9.1,6
0.22,0.046,3.39,10.4,6
0.32,0.048,3.5,9.7,6
0.32,0.041,3.17,9.1,6
0.32,0.048,3.5,9.7,6
0.4,0.041,3.34,9.6,6
0.39,0.039,3.31,9.5,6
0.38,0.058,3.09,9,6
0.38,0.058,3.09,9,6
0.38,0.058,3.09,9,6
0.38,0.058,3.09,9,6
0.32,0.044,3.27,9.6,6
0.59,0.037,3.34,11.1,7
0.21,0.039,3.48,9.6,6
0.37,0.026,3.15,11.4,7
0.34,0.047,3.3,9.7,6
0.36,0.038,3.37,11.3,6
0.27,0.03,3.16,12.6,7
0.27,0.031,3.25,10.9,7
0.26,0.03,3.25,10.9,7
0.39,0.054,3.21,9.3,6
0.39,0.04,3.32,9.6,8
0.3,0.035,3.27,11,7
0.3,0.035,3.27,11,7
0.39,0.032,3.32,11.8,6
0.35,0.048,3.32,10.2,6
0.4,0.045,3.08,9.6,6
0.35,0.038,3.1,10.6,6
0.26,0.053,3.25,9.2,6
0.07,0.044,3.34,9.7,6
0.07,0.045,3.34,9.7,6
0.26,0.053,3.25,9.2,6
0.41,0.046,3.14,9.8,6
0.41,0.044,3.14,9.8,6
0.49,0.036,3.26,12.4,7
0.36,0.034,3.19,12.6,8
0.58,0.039,3.3,12.3,8
0.33,0.053,3.22,9.7,6
0.39,0.058,2.98,9,7
0.39,0.058,2.98,9,7
0.39,0.058,2.98,9,7
0.39,0.058,2.98,9,7
0.31,0.041,3.52,10.5,6
0.22,0.041,3.44,9.8,7
0.27,0.046,3.37,9.4,6
0.46,0.041,3.19,11.2,7
0.44,0.046,3.17,10,6
0.5,0.043,3.15,10.3,6
0,0.063,3.27,10.8,6
0.35,0.05,3.13,10.5,6
0,0.063,3.27,10.8,6
0.21,0.055,3.32,11.1,6
0.24,0.057,3.2,9.9,6
0.24,0.057,3.2,9.9,6
0.24,0.058,3.2,9.9,6
0.27,0.036,3.2,10.4,7
0.26,0.037,3.21,10.4,6
0.27,0.035,3.4,11.5,7
0.14,0.032,3.53,12.5,8
0.41,0.042,3.36,10,6
0.21,0.038,3.29,10,6
0.6,0.132,3.09,9.1,6
0.34,0.031,3.21,10.6,6
0.47,0.03,3.52,11.5,7
0.25,0.04,3.54,10.1,6
0.24,0.041,3.61,10.3,7
0.34,0.031,3.21,10.6,6
0.44,0.031,3.16,10.4,6
0.41,0.04,2.96,10,6
0.23,0.039,3.19,10,6
0.35,0.042,3.23,9.6,6
0.35,0.03,3.36,12.5,8
0.3,0.033,3.28,11.8,6
0.3,0.033,3.28,11.8,6
0.33,0.036,3.32,11.2,6
0.27,0.045,3.28,9.3,6
0.35,0.049,3.43,10.2,7
0.43,0.045,3.19,9,7
0.36,0.047,3.2,10,6
0.42,0.044,3.18,9.1,6
0.47,0.052,3.29,10,6
0.33,0.05,3.28,9.6,6
0.1,0.031,3.36,11.2,7
0.41,0.056,3.2,8.8,6
0.46,0.052,3.15,10,6
0.36,0.044,3.27,11.4,7
0.4,0.038,3.03,11.9,7
0.3,0.071,3.14,9.6,6
0.4,0.038,3.03,11.9,7
0.42,0.047,3.25,9.6,6
0.37,0.063,2.89,9,6
0.37,0.063,2.89,9,6
0.33,0.05,3.15,9.5,6
0.39,0.05,3,10.4,6
0.34,0.04,3.2,10.6,6
0.32,0.047,3.28,10.2,6
0.3,0.05,3.4,9.7,6
0.37,0.063,2.89,9,6
0.4,0.037,3.49,11.4,7
0.32,0.028,3.4,12.3,7
0.27,0.089,3.49,10.8,6
0.21,0.053,3.12,9.4,6
0.48,0.049,3.17,10.6,6
0.21,0.053,3.12,9.4,6
0.48,0.049,3.17,10.6,6
0.27,0.048,3.1,9.2,6
0.22,0.027,3.51,12.5,7
0.22,0.027,3.51,12.5,7
0.28,0.037,3.32,10.4,7
0.44,0.045,3.15,10,7
0.5,0.049,3.22,10,6
0.28,0.037,3.32,10.4,7
0.44,0.045,3.15,10,7
0.26,0.046,3.1,9,6
0.28,0.051,3.12,9.2,6
0.27,0.048,3.1,9.2,6
0.39,0.027,3.38,11.3,7
0.22,0.027,3.51,12.5,7
0.56,0.026,3.48,10.8,7
0.32,0.047,3.39,9.7,6
0.38,0.032,3.18,9.3,7
0.38,0.032,3.18,9.3,7
0.15,0.031,3.36,10.2,6
0.43,0.021,3.08,12.2,6
0.4,0.037,3.46,11.4,6
0.42,0.032,3.3,11.7,6
0.4,0.037,3.46,11.4,6
0.31,0.035,3.24,12.6,6
0.34,0.031,3.39,12.8,7
0.39,0.044,3.26,10.3,6
0.39,0.038,2.97,9,6
0.36,0.04,3.3,9.6,6
0.39,0.038,2.97,9,6
0.36,0.04,3.3,9.6,6
0.27,0.041,3.19,9.8,6
0.27,0.041,3.19,9.8,6
0.28,0.05,3.31,10.5,6
0.31,0.03,3.16,12.7,7
0.28,0.045,3.25,10.4,6
0.28,0.045,3.25,10.4,6
0.28,0.045,3.25,10.4,6
0.38,0.047,3.34,10.5,7
0.28,0.045,3.25,10.4,6
0.28,0.045,3.25,10.4,6
0.34,0.045,3.18,9.9,7
0.36,0.028,3.35,12.1,8
0.37,0.027,3.38,12.2,7
0.32,0.035,3.35,12.4,8
0.34,0.045,3.18,9.9,7
0.37,0.028,3.29,11.6,7
0.2,0.033,3.3,10.4,6
0.28,0.026,3.43,12.9,8
0.44,0.048,3.26,9.3,6
0.36,0.031,3.2,11,6
0.24,0.048,3.44,9.8,6
0.24,0.048,3.44,9.8,6
0.29,0.052,3.48,10.5,7
0.14,0.042,3.46,10.6,7
0.27,0.046,3.41,10.5,7
0.29,0.052,3.48,10.5,7
0.24,0.048,3.44,9.8,6
0.31,0.022,3.3,12.9,7
0.32,0.053,3.29,9.8,6
0.21,0.044,3.17,9.4,6
0.32,0.039,3.22,9.4,6
0.21,0.044,3.17,9.4,6
0.7,0.039,3,9.3,6
0.29,0.023,3.25,12.5,6
0.31,0.034,3.36,9.6,7
0.22,0.03,3.24,9.4,6
0.36,0.028,2.99,12.4,7
0.28,0.037,3.11,10.5,6
0.13,0.073,2.97,9.2,6
0.33,0.041,3.32,10.4,6
0.41,0.047,3.33,10.6,6
0.38,0.028,3.47,9.7,6
0.37,0.025,3.46,9.7,6
0.28,0.035,3.1,10.7,6
0.29,0.045,3.34,10.5,6
0.31,0.047,3.13,8.9,6
0.36,0.035,3.09,12.1,6
0.39,0.032,3.25,12.7,7
0.26,0.039,3.18,9.9,6
0.28,0.022,3.2,11.4,6
0.38,0.04,3.37,10.7,6
0.13,0.025,3.33,12.5,6
0.32,0.026,3.29,12.5,6
0.54,0.045,3.08,9.5,6
0.58,0.038,3.12,9.6,6
0.3,0.038,3.2,9.9,6
0.31,0.053,3.06,8.9,6
0.31,0.053,3.06,8.9,6
0.27,0.048,3.64,10,7
0.28,0.039,3.44,12,6
0.27,0.048,3.64,10,7
0.12,0.041,3.21,10,6
0.35,0.042,3.11,12.1,6
0.36,0.04,3.16,11,6
0.33,0.025,3.21,11.2,6
0.32,0.036,3.17,10.3,7
0.26,0.051,3.37,10.4,6
0.42,0.045,3,10.4,6
0.28,0.05,3.43,10.8,6
0.4,0.038,3.03,11.4,6
0.32,0.033,3.03,11.2,6
0.39,0.114,3.09,9.2,6
0.22,0.034,3.36,12.6,6
0.02,0.031,3.44,12.2,6
0.47,0.03,3.56,11.2,6
0.35,0.048,3.43,9.7,6
0.36,0.067,3.01,9,6
0.36,0.067,3.01,9,6
0.36,0.067,3.01,9,6
0.36,0.067,3.01,9,6
0.24,0.053,3.37,9.5,6
0.35,0.045,3.34,9.9,6
0.41,0.036,3.22,9.9,6
0.17,0.047,3.21,9,6
0.22,0.04,3.49,10,6
0.24,0.039,3.49,9.7,6
0.42,0.052,3.3,11.8,6
0.31,0.044,3.49,10.2,7
0.51,0.05,3.07,9.6,7
0.34,0.026,2.93,11.3,7
0.34,0.028,3,12.1,7
0.51,0.05,3.07,9.6,7
0.34,0.028,3,12.1,7
0.34,0.026,2.93,11.3,7
0.24,0.049,3.32,10.4,6
0.44,0.047,3.01,12.3,6
0.42,0.049,3.12,9.9,7
0.27,0.063,3.09,9.2,6
0.22,0.046,3.08,10.4,7
0.38,0.059,3.12,10,6
0.34,0.051,3.13,11.5,6
0.51,0.05,3.08,9.8,6
0.27,0.04,3.19,9.4,6
0.29,0.038,3.32,11.6,7
0.34,0.032,3.16,12.7,7
0.33,0.035,3.17,11.7,7
0.3,0.047,3.13,10.2,6
0.29,0.047,3.13,10.2,6
0.33,0.033,3.15,12.7,7
0.29,0.038,3.32,11.6,7
0.26,0.034,3.38,12.3,7
0.22,0.056,3.13,10.1,6
0.22,0.042,2.86,9.7,6
0.3,0.046,3.42,10.1,7
0.22,0.042,2.86,9.7,6
0.3,0.049,3.13,8.9,6
0.25,0.034,3.47,10.8,7
0.27,0.036,3.42,10.8,7
0.33,0.04,3.19,9.5,6
0.37,0.037,3.32,10.9,6
0.38,0.051,3.45,10.5,7
0.37,0.034,3.17,10.8,6
0.29,0.036,3.35,10.5,8
0.4,0.036,3.08,11.5,7
0.35,0.18,3.11,9.4,6
0.4,0.045,2.88,10.8,6
0.49,0.052,2.99,9.8,6
0.49,0.052,2.99,9.8,6
0.35,0.061,3.48,10.7,6
0.28,0.037,3.25,12.4,8
0.4,0.032,3.09,11.1,6
0.33,0.037,3.21,11.7,7
0.27,0.051,3.23,10.9,6
0.27,0.051,3.23,10.8,6
0.3,0.057,3.12,9.6,6
0.12,0.043,3.36,10.4,6
0.29,0.039,3.33,11,8
0.24,0.048,3.23,9.4,6
0.24,0.048,3.23,9.4,6
0.33,0.036,3.18,10.5,6
0.33,0.04,3.26,10.7,6
0.28,0.033,3.43,10.9,6
0.25,0.027,3.49,10.8,6
0.28,0.037,3.41,10.8,7
0.29,0.047,3.34,11,7
0.33,0.046,3.36,10.4,6
0.34,0.05,3.16,9,6
0.34,0.067,3.07,9.1,7
0.34,0.067,3.07,9.1,7
0.34,0.067,3.07,9.1,7
0.34,0.067,3.07,9.1,7
0.26,0.053,3.34,9.5,6
0.37,0.048,3.33,11.4,7
0.35,0.03,3.11,12.2,6
0.35,0.028,3.04,11.3,6
0.34,0.032,3.37,12.2,7
0.38,0.052,3.35,9.6,6
0.37,0.036,3.35,12.5,6
0.38,0.052,3.35,9.6,6
0.25,0.047,3.35,10,6
0.26,0.058,3.14,9.3,6
0.36,0.038,3.29,11.6,6
0.34,0.039,3.38,12.5,8
0.3,0.038,3.36,10.6,6
0.25,0.056,3.19,9.1,6
0.25,0.057,3.23,9,6
0.38,0.033,3.42,11.8,7
0.38,0.033,3.42,11.8,7
0.38,0.033,3.42,11.8,7
0.25,0.052,3.24,9.5,6
0.35,0.043,3.3,10.7,7
0.3,0.044,3.14,9.1,6
0.37,0.039,3.26,10.8,7
0.16,0.037,3.17,9.9,6
0.58,0.041,3.16,9.5,6
0.34,0.022,3.23,11.1,6
0.22,0.03,3.41,13.9,7
0.28,0.038,3.12,10.5,6
0.26,0.037,3.42,12.6,6
0.45,0.046,3.13,11.2,6
0.44,0.05,3.11,10,6
0.43,0.035,3.1,12.3,6
0.43,0.035,3.1,12.3,6
0.26,0.038,3.41,10.8,6
0.27,0.038,3.49,10.5,7
0.31,0.048,3.06,9.2,6
0.27,0.038,3.49,10.5,7
0.5,0.042,3.45,10.2,7
0.34,0.032,3.37,11.7,6
0.31,0.02,3.26,12.4,8
0.4,0.028,3.14,10.9,7
0.31,0.038,3.37,11.7,7
0.33,0.042,3.35,10.4,6
0.48,0.044,3.25,9.5,6
0.45,0.022,3.01,11.1,7
0.3,0.052,3.02,9.1,6
0.3,0.038,3.14,9.6,6
0.3,0.052,3.02,9.1,6
0.31,0.021,3.17,10.8,7
0.3,0.038,3.14,9.6,6
0.3,0.031,3.44,11,6
0.37,0.03,3.28,10.2,6
1.66,0.022,3.26,12.2,6
0.34,0.033,3.22,10.5,6
0.4,0.024,3.04,11.5,6
0.38,0.049,3.3,9.8,6
0.42,0.025,3.04,11.4,6
0.4,0.024,3.04,11.5,6
0.5,0.036,3.15,10.2,6
0.42,0.038,3.16,9.4,6
0.34,0.033,3.22,10.5,6
0.44,0.032,3.25,12.2,7
0.37,0.051,3.4,9.3,6
0.4,0.051,3.3,9.8,7
0.4,0.047,3.3,9.8,7
0.38,0.049,3.3,9.8,6
0.38,0.05,3.3,9.8,6
0.04,0.039,3.37,10.2,6
0.28,0.042,3.22,9.5,6
0.42,0.05,2.94,11,6
0.36,0.028,3.21,10.9,6
0.34,0.043,3.42,9.3,7
0.34,0.043,3.42,9.3,7
0.31,0.045,3.41,9.8,7
0.57,0.13,3.12,9.3,7
0.6,0.135,3.12,9.3,7
0.45,0.035,3.2,10.4,9
0.48,0.115,3.24,12.1,6
0.45,0.039,3.02,11,6
0.37,0.053,3.37,9.5,7
0.44,0.053,3.28,8.8,8
0.22,0.056,3.08,9.3,6
0.37,0.053,3.37,9.5,7
0.44,0.053,3.28,8.8,8
0.27,0.039,3.27,9.3,6
0.28,0.04,3.27,9.2,6
0.28,0.04,3.27,9.2,6
0.16,0.037,3.46,10,7
0.27,0.039,3.27,9.3,6
0.28,0.04,3.27,9.2,6
0.3,0.033,3.39,10.9,7
0.3,0.033,3.39,10.9,7
0.23,0.054,3.02,9.2,6
0.33,0.046,3.28,9.6,6
0.24,0.041,3.42,9.4,6
0.31,0.036,3.34,11.1,8
0.58,0.036,3.06,8.9,6
0.31,0.039,3.41,9.8,7
0.34,0.032,3.22,9.8,6
0.58,0.036,3.06,8.9,6
0.26,0.046,3.16,9.6,6
0.17,0.046,3.15,9,6
0.26,0.046,3.17,9.5,6
0.05,0.063,3.21,9.2,6
0.28,0.055,3.42,9.1,7
0.32,0.045,3.38,9.5,6
0.24,0.072,3.03,10.5,6
0.29,0.021,3.41,12.4,9
0.2,0.071,2.96,9.2,6
0.23,0.047,3.34,9.6,6
0.37,0.042,3.26,9.8,6
0.38,0.046,3.33,10.2,6
0.36,0.031,3.28,12.5,9
0.36,0.044,3.16,10.9,7
0.36,0.043,3.16,11,7
0.31,0.06,3.72,10.5,6
0.34,0.044,3.36,12.8,8
0.34,0.035,3.18,12.2,6
0.31,0.06,3.72,10.5,6
0.34,0.04,3.14,12.8,8
0.36,0.034,3.25,11.9,8
0.36,0.034,3.25,11.9,8
0.36,0.034,3.25,11.9,8
0.35,0.034,3.16,12,7
0.35,0.036,3.16,12,7
0.32,0.044,3.12,8.8,7
0.32,0.044,3.12,8.8,7
0.35,0.036,3.21,10.8,7
0.29,0.034,3.3,11,8
0.29,0.034,3.3,11,8
0.32,0.044,3.12,8.8,7
0.24,0.03,3.31,11.5,6
0.35,0.036,3.21,10.8,7
0.36,0.036,3.27,9.5,7
0.36,0.036,3.27,9.5,7
0.35,0.038,3.49,10.3,7
0.39,0.038,3.17,10,7
0.35,0.03,3.22,10.4,8
0.42,0.041,3.29,9.1,7
0,0.028,3.36,9.9,6
0.33,0.029,3.24,12.1,6
0.33,0.021,3.12,12.5,6
0.36,0.036,3.27,9.5,7
0.46,0.042,3.24,8.5,8
0.42,0.04,3.28,9,7
0.29,0.037,3.19,10.1,6
0.21,0.03,3.06,10.7,6
0.32,0.037,3.2,10,7
0.34,0.018,3.28,12.7,9
0.34,0.119,3.19,10.2,6
0.54,0.126,3.23,8.9,6
0.36,0.037,3.41,11.9,8
0.32,0.037,3.2,10,7
0.44,0.04,3.19,9.9,6
0.43,0.022,3.13,11.5,6
0.43,0.022,3.13,11.5,6
0.29,0.035,3.35,9.8,6
0.27,0.024,3.4,12.2,7
0.31,0.04,3.19,11.4,6
0.32,0.044,3.37,11,7
0.31,0.04,3.19,11.4,6
0.32,0.044,3.37,11,7
0,0.046,3.3,9.9,6
0.18,0.031,3.42,11,7
0.29,0.037,3.12,12.2,7
0.18,0.031,3.42,11,7
0.39,0.043,3.23,10.3,6
0.28,0.047,3.22,10.5,6
0.26,0.044,3.08,10.5,6
0.29,0.039,3.05,10.9,6
0.28,0.047,3.22,10.5,6
0.38,0.052,3.32,11,7
0.29,0.046,3.25,9.7,6
0.3,0.047,3.2,9.6,6
0.28,0.056,3.02,8.8,8
0.39,0.036,3.28,12.2,8
0.39,0.042,3.36,10.3,7
0.32,0.037,2.93,11,6
0.34,0.031,3.06,11.9,6
0.4,0.04,2.94,10.2,7
0.32,0.057,3.55,9.4,7
0.62,0.036,3.13,8.9,6
0.62,0.036,3.13,8.9,6
0.27,0.044,3.17,10,6
0.41,0.044,3.45,10.7,8
0.33,0.057,3.02,9.5,7
0.52,0.017,3.14,11.9,7
0.28,0.046,3.18,10,6
0.29,0.044,3.36,10,6
0.29,0.044,3.06,9.6,7
0.46,0.037,3.25,9.5,6
0.19,0.039,3.54,10,7
0.36,0.03,3.14,12.2,7
0.33,0.051,3.28,8.7,7
0.29,0.058,3.52,10.2,7
0.34,0.035,3.08,9.8,6
0.33,0.028,3.23,10.1,6
0.34,0.035,3.08,9.8,6
0.32,0.041,3.39,10.2,7
0.32,0.039,3.39,10.2,7
0.34,0.05,3.03,9,6
0.34,0.05,3.03,9,6
0.36,0.037,3.13,12.3,7
0.34,0.05,3.03,9,6
0.25,0.023,3.37,11.6,6
0.21,0.034,3.28,9.5,6
0.28,0.041,3.13,9.6,6
0.35,0.039,3.24,9,6
0.33,0.028,3.34,12,7
0.09,0.019,3.33,11.4,7
0.01,0.017,3.38,12.3,7
0.19,0.02,3.32,12.6,7
0.35,0.039,3.24,9,6
0.33,0.028,3.34,12,7
0.38,0.046,3.32,11.7,6
0.3,0.058,3.51,10.3,6
0.33,0.037,3.39,10.7,7
0.71,0.152,3.12,9.8,6
0.33,0.037,3.39,10.7,7
0.21,0.027,3.5,12.5,6
0.34,0.026,3.41,11.9,6
0.21,0.05,3.42,10.5,6
0.3,0.054,3.12,10.3,6
0.3,0.053,3.12,10.3,6
0.39,0.036,3.06,12,7
0.38,0.04,2.95,10.2,6
0.36,0.04,3.25,9.5,6
0.34,0.046,3.05,10.5,6
0.27,0.062,3.31,9.5,6
0.3,0.056,3.05,9.2,6
0.6,0.046,3.05,10.1,7
0.36,0.05,3.15,9.8,7
0.43,0.045,3.09,9.4,6
0.39,0.063,3.31,10.4,7
0.26,0.038,3.34,11.3,6
0.28,0.044,3.42,10.8,6
0.26,0.038,3.34,11.3,6
0.37,0.059,3.37,10.3,7
0.39,0.055,3.08,10.5,6
0.44,0.043,3.11,10.3,6
0.41,0.048,3.24,11.2,7
0.48,0.057,3.15,10.3,6
0.44,0.043,3.11,10.3,6
0.42,0.045,2.95,10.5,6
0.26,0.049,3.21,9.5,6
0.42,0.041,3.11,11.4,7
0.42,0.041,3.11,11.4,7
0.32,0.019,3.25,11.1,8
0.38,0.06,3.13,10.5,6
0.74,0.088,3.51,12,6
0.46,0.039,3.38,9.7,6
0.44,0.042,3.32,10.2,6
0.35,0.052,3.41,10.4,7
0.41,0.054,3.48,10.5,6
0.29,0.047,3.35,10,6
0.36,0.055,3.49,10.2,6
0.36,0.055,3.49,10.2,6
0.38,0.04,3.16,10.2,6
0.34,0.034,3.37,9.3,7
0.37,0.049,3.16,10.9,7
0.36,0.035,3.31,12.6,6
0.81,0.137,3.03,9.2,6
0.34,0.06,3.51,10.7,6
0.34,0.06,3.51,10.7,6
0.36,0.054,3.09,11.6,7
0.37,0.072,3.37,10.9,6
0.51,0.048,3.08,9.1,6
0.34,0.037,3.1,11.1,7
0.44,0.024,2.96,12.6,7
0.36,0.031,3.35,11,6
0.32,0.04,3,11.3,7
0.33,0.036,2.96,10.9,7
0.45,0.049,3.17,9.3,6
0.19,0.033,3.22,12.7,7
0.33,0.048,3.37,10.1,6
0.29,0.046,3.29,10.1,6
0.33,0.059,3.43,9,7
0.25,0.038,3.28,9.4,6
0.25,0.038,3.28,9.4,6
0.37,0.048,3.03,9.2,6
0.21,0.035,3.36,10.1,7
0.45,0.027,3.55,11.2,8
0.32,0.037,3.17,11.2,8
0.37,0.048,3.03,9.2,6
0.33,0.034,3.19,10.6,7
0.58,0.049,3.01,9.3,6
0.35,0.048,3.05,8.9,6
0.4,0.069,3.42,10.6,6
0.31,0.038,3.1,10.6,7
0.33,0.033,3.59,11,8
0.26,0.04,3.32,10.2,6
0.21,0.035,3.36,10.1,7
0.25,0.039,3.31,10.1,6
0.21,0.025,3.39,14,7
0.25,0.038,3.28,9.4,6
0.42,0.028,3.27,11.8,6
0.45,0.028,3.51,11.5,7
0.45,0.027,3.55,11.2,8
0.15,0.029,3.3,12.6,7
0.27,0.024,3.21,12.6,7
0.15,0.029,3.3,12.6,7
0.37,0.04,3.06,12.1,6
0.34,0.053,3.52,9.9,6
0.38,0.047,3.13,10.4,8
0.32,0.051,3.54,9.2,6
0.3,0.047,3.17,10.1,6
0.39,0.04,3.35,11.4,7
0.45,0.047,3.2,9.2,6
0.29,0.038,3.12,12.9,7
0.29,0.042,3.23,12,7
0.29,0.031,3.06,11.8,7
0.28,0.048,3.19,9.1,6
0.34,0.047,3.2,9.7,6
0.34,0.048,3.44,9.5,6
0.42,0.027,3.4,12.3,8
0.37,0.031,3.42,11.7,8
0.33,0.076,3.14,10.6,6
0.37,0.025,3.2,10.8,6
0.07,0.035,3.5,10.6,6
0.29,0.054,3.16,9,6
0.29,0.054,3.16,9,6
0.27,0.201,3.27,9.4,6
0.29,0.054,3.16,9,6
0.34,0.055,3.29,9.6,6
0.29,0.054,3.16,9,6
0.41,0.043,3.15,10.2,7
0.27,0.201,3.27,9.4,6
0.49,0.057,3.07,10.4,6
0.43,0.044,3.22,10.6,6
0.34,0.055,3.29,9.6,6
0.43,0.062,3.38,9.9,6
0.44,0.036,3.01,12.8,6
0.26,0.036,3.41,10,6
0.35,0.039,3.36,9.4,7
0.29,0.042,3.46,10.2,6
0.45,0.029,3.12,10.1,6
0.3,0.025,3.21,10.6,6
0.32,0.033,3.18,12.8,7
0.38,0.026,3.25,11.1,8
0.3,0.037,3.13,9.9,6
0.44,0.036,3.01,12.8,6
0.26,0.024,3.16,10.7,7
0.32,0.074,2.96,9.2,6
0.4,0.042,3.36,9.1,7
0.22,0.025,3.33,9.6,6
0.45,0.038,3.03,9.2,6
0.26,0.024,3.16,10.7,7
0.4,0.042,3.36,9.1,7
0.32,0.074,2.96,9.2,6
0.37,0.02,3,10.7,7
0.37,0.027,3.3,10.8,6
0.37,0.028,3.3,10.8,7
0.16,0.049,3.48,10.7,6
0.16,0.049,3.48,10.7,6
0.46,0.037,2.94,8.8,6
0.4,0.031,3.42,11.5,6
0.46,0.03,3.23,12.5,6
0.41,0.042,2.96,10.5,6
0.36,0.04,3.23,11.3,6
0.16,0.049,3.48,10.7,6
0.45,0.033,2.74,10.8,6
0.36,0.034,3.04,11.7,8
0.44,0.027,3.02,11.1,8
0.36,0.034,3.04,11.7,8
0.33,0.044,3.33,11,6
0.32,0.034,3.51,12.5,7
0.39,0.038,3.16,10,6
0.39,0.033,3.26,12.3,7
0.37,0.023,3.14,12.7,6
0.39,0.033,3.26,12.3,7
0.53,0.047,3.23,12.5,6
0.3,0.043,3.06,8.7,6
0.37,0.03,3.17,12.4,7
0.37,0.033,3.16,12.6,7
0.3,0.037,3.38,11,6
0.31,0.043,3.42,10.1,6
0.37,0.023,3.14,12.7,6
0.37,0.041,3.07,13.5,7
0.28,0.041,3.45,9.2,6
0.42,0.036,3.4,10.6,7
0.42,0.033,2.98,13.3,7
0.37,0.041,3.07,13.5,7
0.4,0.055,3.18,10.6,7
0.34,0.046,3.25,11.3,6
0.31,0.045,3.32,10.8,7
0.23,0.034,3.82,10.5,7
0.32,0.047,3.12,9.3,6
0.41,0.037,3.29,12.2,7
0.34,0.057,3.81,10.3,6
0.65,0.046,3.33,9.4,6
0.27,0.036,3.28,10.2,6
0.16,0.034,3.08,9,6
0.38,0.036,3.06,9.3,6
0.3,0.037,3.06,9.2,6
0.68,0.05,3.32,9.4,6
0.65,0.046,3.33,9.4,6
0.46,0.039,2.92,9.5,6
0.34,0.059,3.46,11.1,7
0.34,0.028,2.99,12.3,8
0.42,0.044,3.21,8.6,7
0.56,0.048,3.07,9.4,6
0.42,0.044,3.21,8.6,7
0.56,0.048,3.07,9.4,6
0.27,0.064,3.22,9.2,6
0.42,0.044,3.21,8.6,7
0.36,0.083,3.33,10.8,6
0.3,0.025,3.29,10.5,6
0.41,0.026,3.02,12.5,6
0.34,0.028,2.99,12.1,7
0.36,0.026,3.07,12.7,8
0.34,0.028,2.99,12.1,7
0.41,0.026,3.02,12.5,6
0.29,0.05,3.06,11.4,7
0.4,0.032,3.02,12.9,7
0.33,0.029,3.15,12.8,7
0.3,0.034,3.38,11.2,6
0.33,0.033,3.14,9.7,6
0.32,0.038,3.04,9.7,6
0.3,0.037,3.5,10.3,6
0.32,0.038,3.04,9.7,6
0.33,0.045,3.32,10.9,6
0.38,0.045,3.19,12.6,7
0.39,0.04,3.3,12.4,6
0.38,0.045,2.93,10.2,6
0.42,0.067,3.3,9.6,6
0.36,0.035,3.05,10.3,6
0.45,0.05,3.33,10.7,7
0.4,0.047,3.13,12.8,8
0.68,0.046,3.02,10.4,6
0.55,0.049,3.02,10.3,6
0.08,0.041,3.46,9.9,6
0.22,0.039,3.23,10.7,6
0.4,0.04,3.15,9.3,6
0.36,0.044,3.1,10,6
0.26,0.026,3.04,11.2,6
0.31,0.044,3.54,10.3,6
0.42,0.044,3.04,12.8,6
0.37,0.028,3.23,13.2,6
0.3,0.037,3.54,10.1,6
0.35,0.043,3.25,10.8,6
0.48,0.04,3.2,12.8,7
0.72,0.042,3.12,9.2,6
0.33,0.047,3.12,10.5,6
0.33,0.028,3.37,11.7,6
0.32,0.058,3.4,8.8,6
0.64,0.05,3.15,9.3,7
0.39,0.034,3.09,12.6,8
0.5,0.048,3.21,12.4,6
0.24,0.047,3.65,10.1,6
0.36,0.042,3.26,11.2,8
0.27,0.033,2.99,10.8,6
0.32,0.04,3.27,10,6
0.27,0.033,2.99,10.8,6
0.31,0.059,3.51,9.8,6
0.37,0.041,3.26,12.2,8
0.37,0.043,3.39,12.7,8
0.39,0.039,3.21,12.2,7
0.4,0.039,3.15,11.9,7
0.36,0.042,3.26,11.2,8
0.39,0.034,3.29,12.8,7
0.33,0.027,3.28,12.7,7
0.24,0.047,3.65,10.1,6
0.41,0.05,3.32,8.9,6
0.4,0.039,3.15,9.3,6
0.32,0.048,3.28,12,8
0.32,0.04,3.36,10.8,7
0.26,0.044,3.52,10.5,6
0.28,0.038,3.59,10.6,7
0.33,0.04,3.19,11.3,7
0.28,0.046,3.33,10.1,7
0.41,0.037,3.25,10.9,6
0.41,0.05,3.32,8.9,6
0.39,0.052,3.25,10.4,6
0.41,0.042,3.1,12,7
0.56,0.044,2.87,9.5,6
0.56,0.044,2.87,9.5,6
0.34,0.032,3.14,12.4,7
0.32,0.032,3.28,11.2,7
0.41,0.047,3.15,11.4,6
0.41,0.05,3.16,11.4,6
0.3,0.047,3.35,11.1,7
0.2,0.054,3.1,10.4,6
0.32,0.044,3.38,12,7
0.3,0.039,3.54,12.3,7
0.16,0.045,3.12,9.1,6
0.56,0.046,3.24,10.5,6
0.4,0.047,3.23,11.4,6
0.13,0.039,3.42,13.7,7
0.33,0.034,3.28,13.4,6
0.29,0.044,3.2,11.3,7
0.4,0.037,3.06,10,6
0.26,0.034,3.49,10.1,6
0.47,0.029,3.26,12.2,6
0.33,0.034,3.28,13.4,6
0.3,0.042,3.31,9.3,6
0.13,0.039,3.42,13.7,7
0.33,0.039,3.09,12.3,7
0.29,0.044,3.2,11.3,7
0.36,0.05,3.04,8.9,7
0.36,0.05,3.04,8.9,7
0.34,0.035,3.19,11.5,6
0.36,0.05,3.04,8.9,7
0.48,0.052,3.17,9.3,6
0.29,0.044,3.3,11.1,8
0.31,0.044,3.34,10.9,8
0.36,0.034,3.01,10.5,8
0.28,0.033,2.91,11.4,6
0.36,0.05,3.04,8.9,7
0.34,0.04,3.14,10.6,6
0.32,0.037,3.31,11.6,6
0.34,0.035,3.19,11.5,6
0.33,0.035,3.25,12.3,8
0.49,0.042,3.14,10.8,6
0.3,0.037,3.29,11.3,6
0.26,0.045,3.36,10,6
0.74,0.04,3.07,10.8,7
0.49,0.047,3.27,11.6,6
0.49,0.042,3.14,10.8,6
0.49,0.052,3.25,11.4,6
0.49,0.045,3.05,12.7,6
0.49,0.033,3,10.4,7
0.49,0.03,3.1,12.1,7
0.49,0.031,3.07,12.2,6
0.49,0.033,3,10.4,7
0.49,0.04,3.24,12.2,6
0.49,0.033,3.14,11.3,6
0.74,0.044,3.25,12.2,6
0.49,0.063,3.38,12.2,6
0.49,0.055,3.23,11.2,6
0.49,0.055,3.23,11.2,6
0.49,0.036,3.2,11.5,6
0.49,0.033,3.14,11.3,6
0.49,0.033,3.14,11.3,6
0.49,0.034,3.14,11.8,7
0.49,0.063,3.38,12.2,6
0.74,0.044,3.25,12.2,6
0.74,0.044,3.31,12.2,6
0.49,0.048,3.24,10.6,6
0.74,0.05,3.28,12.4,6
0.49,0.048,3.56,10.8,6
0.49,0.055,3.23,11.2,6
0.49,0.051,3.06,11,6
0.49,0.031,3.16,12.7,8
0.49,0.036,3.2,11.5,6
0.49,0.03,3.13,12.3,7
0.49,0.034,3.14,11.8,7
0.49,0.033,3.14,11.3,6
0.49,0.038,3.21,10.8,6
0.49,0.05,3.46,10.2,6
0.24,0.04,3.05,10.8,6
0.24,0.044,2.99,11.5,6
0.49,0.056,3.32,10.7,6
0.49,0.05,3.46,10.2,6
0.24,0.048,3.37,10.1,6
0.49,0.046,3.62,10.4,6
0.49,0.034,2.98,10.6,6
0.49,0.033,3.3,9.4,6
0.74,0.054,3.51,9.8,6
0.74,0.044,3.18,9.5,6
0.49,0.03,3.55,10.3,6
0.49,0.033,3.13,12.3,8
0.49,0.033,3.14,12.4,8
0.49,0.03,3.13,12.3,7
0.49,0.044,3.13,12.1,7
0.49,0.041,3.16,12.5,6
0.24,0.043,3.22,13,6
0.49,0.03,2.99,11,7
0.24,0.039,3.27,12.6,7
0.74,0.045,3.26,12.2,8
0.49,0.041,3.04,9.8,7
0.49,0.051,3.1,11,6
0.74,0.044,3.22,10,6
0.49,0.06,3.55,9.8,6
0.74,0.042,3.02,11.2,6
0.49,0.034,2.99,11,7
0.49,0.031,3.01,11.2,6
0.49,0.03,2.99,11,7
0.49,0.039,3.14,10.5,6
0.49,0.037,3.02,10.6,6
0.49,0.038,3.02,10.6,6
0.49,0.035,3.04,12,6
0.49,0.038,3.05,10.1,6
0.49,0.044,3.34,10,6
0.49,0.042,3.28,8.7,6
0.49,0.037,3.15,11.1,6
0.49,0.045,3.04,11,6
0.49,0.037,3.15,11.1,6
0.49,0.042,3.28,8.7,6
0.49,0.037,3.1,11.2,7
0.49,0.049,3.14,11.1,7
0.49,0.028,3.24,10.8,6
0.74,0.044,3.38,9,6
0.49,0.031,3.03,10.3,6
0.49,0.04,3.13,10,6
0.49,0.034,3.21,9.8,6
0.49,0.028,3.24,10.8,6
0.74,0.044,3.38,9,6
0.49,0.037,3.23,10.6,6
0.49,0.038,3.2,10.6,6
0.49,0.049,3.18,10.6,6
0.49,0.034,3.13,9.9,6
0.49,0.034,3.12,9.9,6
0.24,0.025,3.34,12.8,6
0.49,0.031,3.03,10.3,6
0.49,0.051,3.18,10.6,6
0.99,0.122,3.09,8.7,6
0.49,0.038,3.32,12.6,7
0.49,0.057,3.43,11,7
0.49,0.056,3.29,11.2,7
0.49,0.032,3.45,10.7,7
0.49,0.036,3.08,9.6,6
0.49,0.051,3.18,10.6,6
0.74,0.033,3.29,12.8,6
0.49,0.027,3.3,12.2,7
0.74,0.033,3.29,12.8,6
0.49,0.044,3.14,10.1,6
0.49,0.055,3.52,9.7,6
0.49,0.055,3.52,9.7,6
0.49,0.063,3.54,10.3,6
0.74,0.053,3.63,10.5,6
0.49,0.05,3.32,9.8,6
0.49,0.039,2.94,11.5,6
0.49,0.039,3.03,11.9,7
0.74,0.045,3.21,9.2,6
0.74,0.045,3.21,9.2,6
0.74,0.036,3.35,11.2,6
0.74,0.028,3.08,12.3,6
0.49,0.042,3.34,10.4,6
0.74,0.047,3.13,10.7,6
0.49,0.043,3.13,10.5,6
0.49,0.047,2.95,9.4,6
0.49,0.046,3.24,9.2,6
0.49,0.046,3.24,9.2,6
0.74,0.172,3.27,9.9,6
0.49,0.167,3.11,11.4,6
0.49,0.047,2.95,9.4,6
0.49,0.046,3.08,10.7,6
0.24,0.034,3.32,13.5,7
0.49,0.032,3.37,12.9,9
0.49,0.031,3.07,12.5,6
0.49,0.04,3.34,9.5,7
0.49,0.048,3.09,10,7
0.49,0.031,3.07,12.5,6
0.49,0.04,3.12,10.1,6
0.49,0.027,3.03,11.3,7
0.49,0.035,3.26,10.6,7
0.49,0.047,3.4,10.7,6
0.49,0.045,3.09,9,6
0.49,0.065,3.22,9.2,6
0.49,0.045,3.14,8.5,6
0.49,0.029,3.41,11.3,8
0.49,0.027,3.03,11.3,7
0.49,0.045,3.11,8.7,6
0.49,0.053,3.36,9.4,6
0.49,0.039,3.09,10.5,7
0.49,0.037,3.38,9.7,6
0.49,0.048,3.31,10.2,6
0.49,0.057,3.19,11.5,6
0.24,0.047,2.94,9.6,6
0.49,0.057,3.19,11.5,6
0.49,0.041,3.41,12.2,8
0.49,0.037,3.2,11,7
0.49,0.048,3.03,9.2,6
0.74,0.035,3.26,10.2,6
0.49,0.042,3.13,9.7,6
0.49,0.054,3.27,10.1,6
0.49,0.058,3.42,9.1,7
0.49,0.049,3.09,10.2,7
0.49,0.058,3.42,9.1,7
0.49,0.048,3.17,10.5,7
0.49,0.054,3.27,10.1,6
0.49,0.036,3.05,12.1,7
0.49,0.044,3.08,12.8,7
0.74,0.076,3.12,9,6
0.28,0.053,3.15,8.8,6
0.49,0.06,3.26,11.3,6
0.49,0.049,3.17,9.4,6
0.49,0.047,3.23,10.3,6
0.49,0.047,2.92,10.8,7
0.28,0.053,3.15,8.8,6
0.37,0.036,3.41,11.5,8
0.34,0.055,2.95,11.8,6
0.33,0.033,3.12,10.5,7
0.38,0.036,3.14,9.9,6
0.18,0.046,3.2,9.8,6
0.3,0.028,3.4,11.4,7
0.29,0.046,3.3,10.3,6
0.3,0.028,3.4,11.4,7
0.37,0.032,3.11,11.1,6
0.2,0.045,3.36,10.4,6
0.3,0.046,3.74,11.9,6
0.28,0.055,3.12,9,7
0.28,0.055,3.12,9,7
0.33,0.049,3.06,9.1,7
0.28,0.055,3.12,9,7
0.33,0.049,3.06,9.1,7
0.25,0.034,3.27,11.4,6
0.28,0.055,3.12,9,7
0.3,0.04,3.28,11.8,6
0.32,0.06,3.37,9.2,6
0.33,0.036,3.25,11,6
0.36,0.041,3.08,10,6
0.3,0.038,3.32,12.2,6
0.3,0.04,3.28,11.8,6
0.29,0.043,3.38,11.6,6
0.3,0.043,3.44,10.2,6
0.31,0.035,3.41,11.3,6
0.22,0.038,3.41,9.9,6
0.37,0.061,3.22,10,6
0.27,0.059,3.3,10.1,6
0.34,0.04,3.32,11.5,8
0.31,0.046,3.26,10.8,6
0.32,0.044,3.1,9.9,6
0.27,0.043,3.38,9.4,6
0.39,0.044,3.46,10.8,7
0.48,0.052,3.5,10.9,7
1,0.041,3.24,12,6
0.34,0.04,3.32,11.5,8
0.3,0.056,3.47,10.5,6
0.22,0.064,3.29,9.3,6
0.32,0.034,3.23,11.8,6
0.44,0.045,3.48,10,6
0.33,0.036,3.2,11.4,6
0.3,0.031,2.94,10.4,6
0.46,0.055,3.36,9.5,6
0.31,0.041,2.99,11.1,6
0.3,0.057,3.39,9.6,6
0.36,0.042,3.29,12,6
0.3,0.057,3.39,9.6,6
0.47,0.061,3.14,9.6,6
0.4,0.038,3.18,12.9,6
0.23,0.039,3.14,9.7,6
0.36,0.042,3.23,9.3,6
0.36,0.042,3.23,9.3,6
0.27,0.056,3.2,10.2,6
0.3,0.045,3.11,9.7,6
0.28,0.046,3.38,11.4,7
0.44,0.045,3.24,9.5,6
0.25,0.049,3.42,10.2,7
0.28,0.042,3.31,11.1,6
0.23,0.039,3.14,9.7,6
0.19,0.042,3.31,10.2,6
0.28,0.044,3.16,10.2,6
0.27,0.037,3.46,11,7
0.3,0.037,3.4,9.6,6
0.28,0.046,3.16,12.2,7
0.26,0.059,3.04,10.9,6
0.26,0.041,3.34,9.5,6
0.26,0.059,3.04,10.9,6
0.26,0.059,3.04,10.9,6
0.28,0.054,3.16,10.8,6
1,0.03,3.24,12,6
0.26,0.041,3.34,9.5,6
0.36,0.034,3.42,11,8
0.36,0.034,3.42,11,8
0.26,0.034,3.05,11.4,6
0.4,0.067,3.27,10.1,6
0.29,0.038,3.33,11.6,7
0.26,0.034,3.05,11.4,6
0.26,0.04,3.07,11.8,7
0.3,0.033,3.33,12.1,7
0.24,0.026,3.08,12.1,7
0.36,0.056,3.2,10.4,6
0.41,0.061,3.16,9.6,6
0.27,0.039,3.27,11.3,8
0.29,0.073,3.06,8.7,6
0.21,0.04,3.39,9.9,6
0.22,0.049,3.08,9.3,6
0.29,0.073,3.06,8.7,6
0.21,0.04,3.39,9.9,6
0.22,0.049,3.08,9.3,6
0.43,0.053,3.28,8.8,6
0.43,0.053,3.28,8.8,6
0.21,0.049,3.18,9.9,6
0.24,0.042,3.29,12.6,6
0.38,0.038,3.19,11.1,6
0.29,0.03,3,12.8,7
0.35,0.038,3.09,12,6
0.3,0.029,3.36,12,7
0.29,0.032,3.38,12.3,6
0.28,0.032,3.19,13,6
0.35,0.038,3.09,12,6
0.29,0.03,3,12.8,7
0.24,0.054,3.36,10,6
0.24,0.054,3.36,10,6
0.23,0.051,3.36,10,6
0.24,0.031,3.12,11.3,7
0.24,0.031,3.12,11.3,7
0.24,0.03,3.13,12,7
0.24,0.031,3.12,11.3,7
0.24,0.03,3.13,12,7
0.3,0.044,3.6,10.6,6
0.23,0.123,3.04,9.4,6
0.29,0.037,3.27,11,7
0.36,0.052,3.44,9.3,6
0.23,0.123,3.04,9.4,6
0.29,0.037,3.27,11,7
0.31,0.039,3.07,9.5,6
0.45,0.059,3.33,11.2,6
0.46,0.029,3.29,12.3,6
0.25,0.042,3.25,11.4,6
0.25,0.046,3.2,11,7
0.46,0.029,3.29,12.3,6
0.31,0.049,3.6,10.4,7
0.35,0.048,3.29,10.5,7
0.28,0.053,3.14,9.8,6
0.28,0.053,3.14,9.8,6
0.19,0.046,3.32,10.5,6
0.28,0.054,3.14,10,6
0.31,0.054,3.24,11.5,7
0.3,0.042,3.43,10.5,6
0.44,0.255,3.12,10.2,6
0.25,0.05,3.34,9.8,6
0.28,0.031,3.1,11.6,6
0.27,0.031,3.15,11.8,7
0.28,0.035,3.04,10.1,7
0.21,0.049,3.31,10.3,6
0.22,0.048,3.34,10.4,6
0.3,0.053,3.18,9.6,6
0.36,0.032,3.08,10.4,6
0.26,0.043,3.03,8.7,6
0.61,0.043,3.06,9.2,6
0.61,0.043,3.06,9.2,6
0.61,0.043,3.06,9.2,6
0.33,0.039,2.93,9.5,6
0.67,0.037,2.9,8.9,6
0.67,0.037,2.9,8.9,6
0.41,0.053,3.29,9.9,6
0.31,0.03,3.29,12.6,7
0.27,0.033,2.72,9.7,6
0.35,0.04,2.93,9.1,6
0.33,0.039,2.93,9.5,6
0.67,0.037,2.9,8.9,6
0.3,0.029,3.12,12,7
0.36,0.038,2.93,12.5,7
0.26,0.041,3.04,9.9,6
0.27,0.036,2.96,11.7,6
0.3,0.049,3.09,9.6,6
0.3,0.033,3,12,6
0.36,0.038,2.93,12.5,7
0.26,0.041,3.04,9.9,6
0.29,0.044,3.17,8.9,6
0.5,0.049,3.24,9,6
0.33,0.052,3.03,10.2,7
0.58,0.204,3.16,10,6
0.57,0.208,3.16,10,6
0.32,0.047,3.23,11.4,6
0.34,0.043,3.04,10.4,6
0.23,0.042,2.89,10.1,6
0.36,0.04,3.23,10.3,6
0.34,0.043,3.04,10.4,6
0.27,0.08,3.23,11.1,7
0.3,0.049,2.99,10,6
0.32,0.066,3.6,9,6
0.31,0.046,3.34,10.2,7
0.36,0.028,3.01,13,7
0.38,0.044,3.37,10.8,6
0.32,0.058,3.29,9.2,6
0.55,0.056,2.96,8.7,6
0.55,0.056,2.96,8.7,6
0.28,0.076,3.03,8.6,6
0.3,0.047,3.12,10.5,6
0.35,0.044,3.09,9.5,7
0.31,0.047,3.43,10.1,6
0.3,0.03,3.53,11.7,7
0.43,0.036,3.23,10.7,6
0.3,0.03,3.53,11.7,7
0.35,0.048,3.24,9.5,6
0.27,0.048,3.25,9.1,6
0.26,0.044,3.19,10.5,6
0.5,0.042,3.09,9,6
0.3,0.056,3.14,8.9,8
0.3,0.056,3.14,8.9,8
0.3,0.056,3.14,8.9,8
0.3,0.056,3.14,8.9,8
0.3,0.056,3.14,8.9,8
0.58,0.049,3.2,9.1,6
0.41,0.047,3.2,10.1,6
0.32,0.043,3.11,9.5,6
0.3,0.034,3.08,12.3,7
0.3,0.056,3.14,8.9,8
0.22,0.053,3.13,11.6,6
0.33,0.043,3.34,8.8,6
0.38,0.055,3.34,8.9,6
0.33,0.043,3.34,8.8,6
0.38,0.055,3.34,8.9,6
0.38,0.055,3.34,8.9,6
0.31,0.055,3.13,9,6
0.35,0.047,3.36,11.1,6
0.22,0.053,3.13,11.6,6
0.31,0.043,3.42,10.6,6
0.33,0.043,3.34,8.8,6
0.38,0.055,3.34,8.9,6
0.31,0.038,3.34,10.1,6
0.33,0.034,3.18,12.2,7
0.56,0.035,3.23,11,6
0.22,0.046,3.22,10.4,6
0.39,0.028,3.11,10.8,6
0.33,0.023,3.3,12.5,7
0.34,0.049,3.25,11.6,7
0.22,0.046,3.22,10.4,6
0.34,0.05,3.19,11.5,6
0.28,0.051,3.23,10.1,6
0.39,0.04,3.11,9.2,6
0.28,0.051,3.23,10.1,6
0.34,0.037,3.1,9.7,6
0.39,0.04,3.11,9.2,6
0.41,0.034,3.06,11,6
0.2,0.024,3.24,10.8,6
0.32,0.046,3.8,10.2,6
0.45,0.032,3.22,9.5,6
0.27,0.028,3.34,9.2,6
0.34,0.03,2.97,11,6
0.04,0.034,3.28,9.9,6
0.24,0.031,3.39,9.7,7
0.29,0.029,3.07,10.6,6
0.31,0.031,3.36,12,7
0.33,0.036,3.32,10.8,6
0.28,0.042,3.3,9.5,6
0.18,0.029,3.44,11,6
0.25,0.03,3.22,12.1,7
0.3,0.057,3.26,9.1,6
0.26,0.04,3.26,9.5,6
0.28,0.042,3.3,9.5,6
0.39,0.055,3.52,10.2,6
0.3,0.042,3.68,10.5,6
0.32,0.036,3.15,10.5,6
0.32,0.053,3.29,9.6,6
0.32,0.053,3.29,9.6,6
0.31,0.049,3.12,9.4,6
0.3,0.046,3.22,9.8,6
0.32,0.053,3.29,9.6,6
0.36,0.056,3.42,9.1,6
0.35,0.042,3.19,12.4,6
0.33,0.048,3.16,10.3,6
0.36,0.056,3.42,9.1,6
0.31,0.038,3.12,9.5,6
0.31,0.038,3.12,9.5,6
0.32,0.041,3.43,12,6
0.28,0.035,3.19,12.2,7
0.28,0.035,3.19,12.2,7
0.05,0.054,3.43,9.2,6
0.32,0.056,3.37,9.6,6
0.32,0.056,3.37,9.6,6
0.27,0.03,2.99,11.9,6
0.32,0.041,3.25,10.8,6
0.36,0.058,3.25,10.9,6
0.32,0.037,3.4,11.5,7
0.32,0.053,3.17,10.2,6
0.31,0.054,3.4,9.9,6
0.3,0.056,3.44,9.6,6
0.34,0.038,3.24,11.8,6
0.34,0.035,3.18,12.2,6
0.33,0.052,3.2,10.6,6
0.39,0.054,3.27,10.3,6
0.27,0.031,3.01,12,6
0.27,0.048,3.52,10.6,6
0.38,0.04,3.47,11,6
0.28,0.03,3.23,12.4,7
0.23,0.087,2.77,9.4,6
0.27,0.031,3.01,12,6
0.3,0.053,3.14,9.1,7
0.3,0.053,3.14,9.1,7
0.3,0.053,3.14,9.1,7
0.3,0.053,3.14,9.1,7
0.3,0.053,3.14,9.1,7
0.3,0.053,3.14,9.1,7
0.3,0.053,3.14,9.1,7
0.24,0.06,3.25,9,7
0.31,0.047,3.22,10.8,6
0.43,0.053,3.4,9.5,6
0.25,0.044,3.11,11,6
0.24,0.041,3.29,10.1,6
0.31,0.051,3.19,9.5,7
0.32,0.052,3.35,9.4,6
0.32,0.048,2.92,9.4,6
0.42,0.044,3.31,12.7,6
0.41,0.058,3.27,9.7,6
0.32,0.048,2.92,9.4,6
0.32,0.052,3.35,9.4,6
0.26,0.037,3.1,11.7,6
0.29,0.036,3.09,11.7,6
0.42,0.049,3.24,9.5,6
0.27,0.051,3.23,10.3,6
0.33,0.035,3,12.1,6
0.24,0.045,3.15,11.3,7
0.35,0.039,3.17,12.2,6
0.26,0.058,3.18,9.9,7
0.33,0.056,3.63,10.3,6
0.35,0.039,3.17,12.2,6
0.29,0.047,3.52,10.4,6
0.34,0.041,3.13,9.9,6
0.38,0.051,3.21,11.5,6
0.29,0.041,3.44,10.5,6
0.36,0.027,3.28,12.5,7
0.32,0.045,2.98,10.5,6
0.34,0.041,3.13,9.9,6
0.28,0.051,3.06,11.4,7
0.33,0.056,3.42,9.8,6
0.28,0.051,3.06,11.4,7
0.36,0.042,2.92,9.5,7
0.35,0.034,3.21,11.5,6
0.36,0.042,2.92,9.5,7
0.35,0.034,3.21,11.5,6
0.31,0.054,2.96,9.5,6
0.42,0.048,3.32,9.5,6
0.29,0.046,3.6,10.6,6
0.42,0.048,3.32,9.5,6
0.24,0.031,3.16,10.6,7
0.29,0.046,3.6,10.6,6
0.29,0.047,3.28,10.6,6
0.54,0.06,3.08,8.8,6
0.29,0.042,3.54,10.5,7
0.19,0.049,3.14,10.4,6
0.21,0.046,3.38,10,6
0.54,0.157,3.11,9,6
0.54,0.157,3.11,9,6
0.31,0.061,3.18,9,6
0.31,0.032,3.06,11.5,6
0.43,0.045,3.52,10.4,6
0.43,0.045,3.52,10.4,6
0.3,0.034,3.47,8.5,6
0.56,0.055,3.07,9.3,6
0.25,0.051,3.53,10.5,7
0.26,0.06,3.39,9.9,6
0.28,0.035,3.4,10.4,6
0.25,0.051,3.53,10.5,7
0.18,0.043,3.17,9.4,6
0.3,0.033,3.53,10.6,6
0.18,0.043,3.17,9.4,6
0.25,0.047,3.61,10.2,6
0.22,0.046,3.61,10.3,6
0.28,0.037,3.16,12.6,7
0.24,0.047,3.52,10.5,7
0.28,0.047,3.1,10.8,6
0.23,0.054,3.18,9.9,6
0.28,0.037,3.16,12.6,7
0.31,0.031,3.38,12.2,7
0.19,0.041,3.23,10,6
0.31,0.04,3.29,10.6,7
0.42,0.042,3.24,9.5,6
0.18,0.027,3.34,12.8,8
0.31,0.031,3.38,12.2,7
0.33,0.043,3.34,12.6,7
0.2,0.06,3.06,9.4,6
0.3,0.04,3.33,12.2,7
0.34,0.035,3.14,9.8,6
0.26,0.036,3.34,12,7
0.3,0.029,3.33,12.6,7
0.33,0.032,3.31,12.2,6
0.38,0.061,3.4,11,6
0.31,0.038,3.25,12,7
0.32,0.035,3.59,12.7,7
0.3,0.037,3.1,11.8,6
0.04,0.036,3.24,9.9,6
0.34,0.041,3.35,11.1,6
0.17,0.049,3.13,9.7,6
0.17,0.049,3.13,9.7,6
0.29,0.05,3.25,9.3,6
0.32,0.049,3.47,9.3,6
0.28,0.024,3.45,12.6,8
0.26,0.041,3.22,9.5,6
0.29,0.06,3.49,10.3,6
0.27,0.034,3.21,12.3,8
0.26,0.041,3.22,9.5,6
0.26,0.043,3.11,10,6
0.29,0.031,3,10.9,6
0.31,0.029,2.95,12.2,6
0.34,0.04,3.11,9.6,6
0.16,0.06,3.13,8.7,6
0.26,0.044,3.39,10.7,7
0.28,0.046,3.43,11.1,6
0.33,0.024,3.25,12.5,7
0.32,0.051,3.3,10.4,6
0.34,0.05,3.17,10.1,6
0.29,0.035,3.49,10.5,6
0.3,0.05,3.15,9.1,6
0.3,0.037,3.25,10.4,6
0.29,0.03,3.68,10.7,6
0.24,0.039,3.59,10.5,7
0.3,0.039,3.3,12,6
0.29,0.036,3.38,12.2,6
0.3,0.039,3.3,12,6
0.29,0.05,3.29,9.8,6
0.42,0.042,3.5,10.2,6
0.28,0.029,3.24,10.4,8
0.29,0.025,3.28,11,6
0.28,0.029,3.24,10.4,8
0.26,0.042,3.38,12,8
0.26,0.042,3.43,10.7,8
0.29,0.043,3.13,10.1,6
0.34,0.091,3.25,9.6,7
0.34,0.093,3.25,9.6,6
0.27,0.037,3.17,11.8,6
0.39,0.024,3.15,11.9,6
0.24,0.046,3.66,10.3,6
0.28,0.038,3.12,10,6
0.36,0.034,2.96,12.7,6
0.26,0.033,3.17,12.7,6
0.27,0.036,3.34,11,6
0.26,0.047,3.38,10.1,6
0.25,0.045,3.05,9.2,6
0.26,0.047,3.38,10.1,6
0.32,0.031,3.05,13.3,7
0.29,0.036,3.36,10.1,6
0.29,0.036,3.36,10.1,6
0.26,0.04,3.27,11.2,6
0.28,0.04,3.14,9.8,6
0.26,0.04,3.27,11.2,6
0.28,0.04,3.14,9.8,6
0.2,0.054,3.11,8.9,6
0.27,0.045,3.02,9.1,6
0.28,0.05,3.13,10,6
0.37,0.042,3.48,9.9,6
0.28,0.028,3.17,11.5,6
0.26,0.042,3.43,9.8,6
0.27,0.04,3.36,10.5,6
0.26,0.043,3.45,10.6,6
0.27,0.027,3.38,11,7
0.26,0.027,3.53,10.8,6
0.33,0.031,3.07,9.6,6
0.36,0.037,3.19,10.6,6
0.36,0.037,3.19,10.6,6
0.33,0.031,3.07,9.6,6
0.26,0.039,3.47,10.3,7
0.32,0.038,3.2,10.2,6
0.34,0.029,3.25,10.1,6
0.4,0.022,3.54,11.6,7
0.23,0.032,3.13,10.7,6
0.21,0.043,3.11,10.1,6
0.31,0.035,3.32,11.1,7
0.49,0.142,3.08,9,6
0.31,0.035,3.32,11.1,7
0.37,0.047,3.19,9.5,6
0.3,0.052,3.37,9.4,6
0.37,0.041,3.1,9.8,6
0.37,0.047,3.19,9.5,6
0.37,0.047,3.19,9.5,6
0.32,0.045,3.1,10.1,6
0.27,0.034,2.97,11.9,6
0.27,0.034,2.97,11.9,6
0.24,0.074,3.19,9.3,6
0.49,0.036,3.33,10,6
0.24,0.074,3.19,9.3,6
0.31,0.039,3.32,11.4,6
0.28,0.054,3.21,9.4,6
0.41,0.053,3.2,9.4,6
0.34,0.044,3.22,9.7,6
0.31,0.032,3.35,12.3,7
0.25,0.045,3.33,9.8,6
0.45,0.045,3.26,9.2,6
0.49,0.058,3.19,9.4,6
0.29,0.043,3.28,9.9,6
0.3,0.029,3.36,12.3,7
0.3,0.018,3.02,11.9,7
0.29,0.038,3.27,10.2,6
0.29,0.034,3.14,9.5,6
0.3,0.018,3.02,11.9,7
0.33,0.029,3.36,11.5,7
0.24,0.121,3.17,10.4,8
0.24,0.121,3.17,10.4,8
0.33,0.029,3.36,11.5,7
0.35,0.036,3.27,10.2,6
0.37,0.037,3.38,9.8,6
0.12,0.036,3.38,10.5,6
0.3,0.043,3.17,10.7,7
0.34,0.029,3.08,10.6,6
0.25,0.046,3.15,9.2,6
0.14,0.032,3.28,9.5,6
0.14,0.032,3.28,9.5,6
0.34,0.029,3.08,10.6,6
0.25,0.046,3.15,9.2,6
0.3,0.036,3.24,11,6
0.24,0.041,3.25,11.2,6
0.42,0.045,3.2,9.5,6
0.42,0.045,3.2,9.5,6
0.42,0.043,3.13,11.2,7
0.44,0.043,3.14,11.2,7
0.42,0.043,3.13,11.2,7
0.44,0.043,3.14,11.2,7
0.42,0.043,3.13,11.2,7
0.26,0.03,3.06,11.1,6
0.26,0.03,3.06,11.1,6
0.16,0.037,2.95,10.6,6
0.24,0.021,3.15,12.3,7
0.36,0.043,3.16,9.6,6
0.24,0.034,3.33,10.3,6
0.32,0.032,3.23,12.1,6
0.42,0.038,3.04,8.9,6
0.27,0.014,3.4,12.6,7
0.56,0.156,3.1,9.2,6
0.3,0.062,3,9,7
0.3,0.062,3,9,7
0.3,0.062,3,9,7
0.3,0.062,3,9,7
0.3,0.062,3,9,7
0.3,0.062,3,9,7
0.25,0.039,3.22,9.2,6
0.3,0.062,3,9,7
0.28,0.05,3.34,10.1,6
0.3,0.059,3.46,11,7
0.13,0.028,3.48,13.5,7
0.34,0.023,3.18,11.7,6
0.27,0.034,3.34,9,6
0.42,0.042,3.18,11.3,7
0.34,0.023,3.18,11.7,6
0.29,0.025,3.31,11.3,7
0.29,0.025,3.31,11.3,7
0.3,0.019,3.2,12,6
0.36,0.028,3.48,10.6,6
0.33,0.024,3.13,10.8,6
0.32,0.024,3.12,10.8,6
0.3,0.019,3.2,12,6
0.29,0.025,3.31,11.3,7
0.41,0.039,3.28,10.3,7
0.41,0.039,3.28,10.3,7
0.41,0.039,3.28,10.3,7
0.21,0.026,3.22,11.3,7
0.35,0.063,3.1,9.4,6
0.21,0.026,3.22,11.3,7
0.41,0.039,3.28,10.3,7
0.26,0.033,3.44,10.4,7
0.23,0.029,3.37,10.7,7
0.24,0.03,3.47,10.2,6
0.26,0.027,3.3,10.5,6
0.28,0.012,3.26,11.7,7
0.26,0.062,3.1,12.8,6
0.38,0.023,3.28,11.8,6
0.37,0.034,3.05,11.6,6
0.37,0.028,3.14,11.8,6
0.24,0.119,3.15,10.2,6
0.3,0.048,3.33,10.1,7
0.36,0.046,3.7,10.9,7
0.29,0.057,3.33,10.2,6
0.24,0.119,3.15,10.2,6
0.31,0.018,3.06,12.9,7
0.42,0.05,3.27,11.1,7
0.44,0.052,3.26,10.3,7
0.34,0.033,3.24,12.2,6
0.34,0.067,3.11,9.3,6
0.26,0.041,3.19,11.3,6
0.33,0.043,3.04,10.8,6
0.25,0.033,2.98,11.2,8
0.34,0.03,3.32,12.5,7
0.31,0.03,3.4,12.9,7
0.25,0.039,3.2,11.2,7
0.21,0.039,3,12.6,6
0.31,0.03,3.4,12.9,7
0.3,0.03,3.41,12.9,7
0.3,0.049,3.2,9.5,7
0.31,0.037,3.19,11.9,6
0.25,0.032,2.93,10.3,7
0.24,0.033,2.92,10.3,7
0.33,0.031,3.06,11.2,6
0.31,0.03,3.18,12,6
0.28,0.041,3.2,9.2,6
0.29,0.029,3.03,12.9,6
0.27,0.061,2.99,9.3,6
0.25,0.03,3.1,12.1,6
0.29,0.026,3.37,11.2,6
0.36,0.029,3.11,11.2,7
0.29,0.029,3.03,12.9,6
0.27,0.061,2.99,9.3,6
0.28,0.041,3.2,9.2,6
0.25,0.041,3.18,9.3,6
0.27,0.03,3.2,10.7,6
0.32,0.024,3.05,9.8,6
0.25,0.036,3.3,10.3,6
0.27,0.03,3.2,10.7,6
0.28,0.025,3.28,11.3,6
0.5,0.048,3.02,8.8,6
0.32,0.024,3.05,9.8,6
0.25,0.041,3.18,9.3,6
0.31,0.027,3.26,11.5,7
0.38,0.17,3.19,9.4,6
0.39,0.171,3.19,9.4,6
0.39,0.045,3.16,9.6,6
0.42,0.044,3.22,9.3,6
0.42,0.044,3.22,9.3,6
0.37,0.043,3.2,9.4,6
0.28,0.04,3.14,10.1,6
0.29,0.046,3.2,10.8,6
0.29,0.028,3.24,10,6
0.31,0.029,3.03,10.9,6
0.3,0.027,3.15,12,7
0.27,0.03,3.22,12.3,7
0.25,0.038,3.45,10.4,6
0.31,0.029,3.03,10.9,6
0.31,0.036,3.41,9.8,6
0.31,0.041,3.06,10.5,6
0.28,0.051,3.16,9.9,6
0.31,0.035,3.27,11.4,7
0.31,0.035,3.27,11.4,7
0.28,0.048,3.13,10.3,6
0.28,0.051,3.16,9.9,6
0.31,0.041,3.06,10.5,6
0.28,0.047,3.16,9.8,7
0.28,0.034,3.08,12.4,7
0.19,0.048,3.16,9.3,6
0.28,0.048,3.26,9.5,6
0.33,0.034,3.08,10.5,6
0.33,0.034,3.08,10.5,6
0.22,0.032,3.26,12.8,7
0.3,0.045,2.99,10.8,6
0.33,0.057,3.1,10,6
0.34,0.045,3.38,11.8,8
0.33,0.057,3.1,10,6
0.34,0.045,3.38,11.8,8
0.36,0.036,3.19,12,6
0.3,0.025,3.18,12.6,6
0.27,0.026,3.37,11.9,8
0.34,0.059,3.17,10,6
0.26,0.039,3.36,9.3,6
0.35,0.055,3.24,10.2,6
0.36,0.054,3.25,10.2,6
0.34,0.048,3.18,12.1,6
0.3,0.05,3.12,9.5,6
0.29,0.028,3.18,11.2,6
0.37,0.034,2.93,12,6
0.3,0.05,3.12,9.5,6
0.34,0.048,3.18,12.1,6
0.44,0.048,3.26,8.8,7
0.24,0.052,3.8,10.8,6
0.32,0.026,3.31,13.1,7
0.32,0.035,3.08,12.5,7
0.32,0.045,3.09,11.7,8
0.32,0.045,3.09,11.7,8
0.32,0.045,3.09,11.6,8
0.36,0.043,3.29,11.3,6
0.32,0.035,3.08,12.5,7
0.6,0.074,3.39,11.7,6
0.31,0.053,3.31,10.4,6
0.31,0.053,3.31,10.4,6
0.31,0.053,3.31,10.4,6
0.36,0.034,3.05,12.2,6
0.31,0.053,3.31,10.4,6
0.3,0.033,3.22,13.5,7
0.32,0.028,3.13,10.9,8
0.3,0.033,3.22,13.5,7
0.32,0.036,3.19,11.4,7
0.37,0.036,3.19,12.4,7
0.31,0.038,3.3,10.5,6
0.32,0.031,3.26,11.5,8
0.32,0.028,3.13,10.9,8
0.26,0.04,3.34,10.8,6
0.48,0.042,3.2,9.4,6
0.31,0.049,3.44,12.2,7
0.31,0.025,2.99,12.1,7
0.34,0.026,3.34,10.1,6
0.31,0.049,3.44,12.2,7
0.39,0.032,3.31,13,7
0.39,0.032,3.31,13,7
0.34,0.042,3.44,11.4,6
0.34,0.04,3.06,12.4,6
0.4,0.047,3.18,9.5,6
0.22,0.048,3.16,10.5,6
0.45,0.053,3.23,9.1,6
0.31,0.034,3.38,11.5,7
0.31,0.034,3.38,11.5,7
0.3,0.031,3.17,11,6
0.28,0.048,3.21,11.3,7
0.27,0.041,3.28,11.2,6
0.22,0.048,3.16,10.5,6
0.45,0.053,3.23,9.1,6
0.3,0.05,3.21,10.4,6
0.29,0.033,3.1,11.2,7
0.29,0.034,3.14,11.1,7
0.33,0.036,3.18,11.2,6
0.38,0.036,3.29,10.5,6
0.4,0.047,3.2,10,6
0.38,0.046,3.2,10,6
0.29,0.028,3.15,10.9,7
0.29,0.033,3.1,11.2,7
0.39,0.028,3.57,10.6,6
0.28,0.047,3.15,11,6
0.26,0.027,3.25,11.2,7
0.58,0.034,3.51,12,7
0.31,0.027,3.24,12.6,8
0.26,0.027,3.25,11.2,7
0.36,0.034,3.24,10.5,6
0.33,0.037,3.11,10.2,6
0.28,0.047,3.15,11,6
0.32,0.028,3.57,12.2,6
0.32,0.036,3.18,12.3,6
0.39,0.028,3.57,10.6,6
0.46,0.032,3.36,10.4,6
0.58,0.034,3.51,12,7
0.32,0.021,3.15,12.7,7
0.29,0.028,3.14,12.3,6
0.32,0.021,3.15,12.7,7
0.38,0.037,3.09,11.4,6
0.36,0.029,3.65,12,7
0.32,0.045,3.23,12.4,8
0.36,0.03,3.24,12.1,7
0.38,0.037,3.09,11.4,6
0.33,0.027,3.37,12.7,6
0.3,0.029,3.18,11.7,6
0.28,0.033,2.99,11.8,7
0.33,0.047,3.23,13.4,7
0.32,0.032,3.12,12.8,7
0.3,0.033,3.15,12.8,6
0.36,0.032,2.95,13,6
0.29,0.035,3.19,12.4,8
0.3,0.041,3.16,10.2,6
0.34,0.038,3.33,12,7
0.36,0.044,3.15,11.7,7
0.37,0.031,3.4,10.5,6
0.32,0.028,3.27,11.9,7
0.25,0.035,3.31,11.4,6
0.32,0.034,3.31,10.8,7
0.25,0.035,3.31,11.4,6
0.31,0.031,3.24,11.3,6
0.3,0.031,3.23,11.3,6
0.32,0.028,3.27,11.9,7
0.38,0.041,3.03,11.4,6
0.38,0.041,3.03,11.4,6
0.26,0.053,3.22,12.7,6
0.4,0.033,3.2,13.5,7
0.28,0.019,3.06,11.2,6
0.31,0.054,3.46,10.5,6
0.47,0.014,3.13,13,8
0.31,0.029,3.08,10.8,6
0.29,0.046,3.05,9.1,6
0.33,0.028,3.3,11.9,8
0.31,0.036,2.98,12,7
0.31,0.036,2.98,12,7
0.29,0.046,3.05,9.1,6
0.4,0.041,3.22,11.6,8
0.33,0.028,3.3,11.9,8
0.32,0.038,3.14,10.2,6
0.31,0.029,3.08,10.8,6
0.29,0.039,3.19,9.8,8
0.29,0.039,3.19,9.8,8
0.34,0.036,3.21,10.7,6
0.29,0.039,3.19,9.8,8
0.34,0.036,3.21,10.7,6
0.31,0.016,3.33,14,8
0.28,0.026,3.36,11,6
0.28,0.026,3.36,11,6
0.48,0.049,3.21,9.4,6
0.52,0.078,3.1,9,6
0.3,0.036,3.29,12.4,7
0.38,0.034,2.8,12,6
0.3,0.031,3.01,11.7,6
0.26,0.016,2.84,13.2,7
0.34,0.04,3.07,11,7
0.41,0.03,3.22,11,6
0.29,0.021,3.08,13,7
0.26,0.021,3.55,13,8
0.3,0.051,3.04,9,6
0.3,0.051,3.04,9,6
0.3,0.025,3.11,11,6
0.22,0.039,3.12,10.4,6
0.3,0.051,3.04,9,6
0.4,0.056,3.06,9.9,6
0.33,0.045,3.07,11,6
0.39,0.026,3.18,12.1,6
0.2,0.044,2.96,9.7,6
0.2,0.044,2.96,9.7,6
0.26,0.034,2.99,12.2,7
0.42,0.016,3.15,12.4,7
0.28,0.033,3.03,10.5,7
0.31,0.05,3.28,10.4,6
0.32,0.029,3.15,12,6
0.3,0.037,3.07,12.7,6
0.28,0.039,3.11,10.9,7
0.28,0.039,3.11,10.9,7
0.28,0.039,3.11,10.9,7
0.31,0.034,3.15,11.4,7
0.32,0.036,3.22,11,6
0.32,0.032,3.45,12.6,7
0.28,0.034,3.29,11.6,7
0.27,0.038,3.11,10.5,7
0.28,0.039,3.11,10.9,7
0.28,0.039,3.11,10.9,7
0.34,0.037,3.03,12.5,6
0.36,0.034,3.11,12.1,8
0.33,0.035,3.02,11.3,6
0.3,0.025,3.07,13.3,7
0.28,0.039,3.11,10.9,7
0.28,0.039,3.11,10.9,7
0.27,0.038,3.11,10.5,7
0.28,0.034,3.29,11.6,7
0.31,0.034,3.15,11.4,7
0.36,0.034,3.16,11,6
0.36,0.037,3.08,12.1,6
0.32,0.036,3.22,11,6
0.32,0.032,3.45,12.6,7
0.33,0.03,3.36,13,7
0.5,0.054,2.94,8.8,6
0.36,0.029,3.2,11.8,6
0.37,0.026,3.14,12.2,6
0.37,0.042,3.05,10.7,6
0.34,0.04,3.07,11,6
0.3,0.02,2.99,11.4,6
0.37,0.042,3.05,10.7,6
0.3,0.035,3.09,12,6
0.31,0.037,3.02,11.9,8
0.3,0.02,2.99,11.4,6
0.35,0.029,3.02,11.8,6
0.34,0.04,3.07,11,6
0.37,0.042,3.05,10.7,6
0.29,0.045,3.76,11,7
0.3,0.024,2.99,10.5,6
0.37,0.05,3.2,10.5,6
0.29,0.024,3.12,12,8
0.29,0.024,3.12,12,8
0.25,0.042,3.22,9.2,6
0.38,0.045,3.15,9.5,6
0.47,0.042,3.15,9.4,6
0.33,0.026,3.13,11.3,7
0.42,0.037,3.26,9.4,6
0.45,0.027,3.02,11.3,6
0.29,0.044,3.14,8.8,6
0.41,0.037,3.25,9.4,6
0.42,0.037,3.26,9.4,6
1,0.154,2.95,9.2,6
0.3,0.044,3.12,10.3,6
0.26,0.034,3.09,9.9,6
0.37,0.027,3.19,12.4,6
0.43,0.023,3.11,11.7,6
0.66,0.043,2.98,10.4,7
0.31,0.036,3.2,11.9,6
0.44,0.024,3.18,12.5,6
0.48,0.026,2.9,10.5,6
0.43,0.03,3.08,12.5,8
0.38,0.045,3.18,9.8,6
0.38,0.033,3.16,12.4,6
0.43,0.029,3.08,12.5,8
0.43,0.03,3.08,12.5,8
0.38,0.028,3.1,12.1,7
0.47,0.041,2.92,11.3,6
0.4,0.042,3.11,12.2,7
0.48,0.026,2.9,10.5,6
0.51,0.029,3.46,11.9,6
0.32,0.024,3.25,13.7,7
0.35,0.03,3.22,11.3,6
0.4,0.036,3.02,10.5,6
0.32,0.024,3.25,13.7,7
0.37,0.024,2.94,12.3,6
0.38,0.031,3.06,12,7
0.35,0.03,3.22,11.3,6
0.47,0.04,3.12,9.5,6
0.52,0.043,3.02,11.4,6
0.45,0.045,3.16,11.9,7
0.49,0.032,2.85,10,6
0.49,0.032,2.85,10,6
0.39,0.034,3.23,11.3,7
0.27,0.022,3.36,11,7
0.4,0.033,2.97,12.2,7
0.51,0.028,2.91,10.7,7
0.34,0.038,3.11,10.9,6
0.26,0.04,3.17,10.2,6
0.45,0.045,3.16,11.9,7
0.51,0.045,3,11.2,6
0.52,0.043,3.02,11.4,6
0.49,0.047,3.07,10.6,6
0.46,0.033,3.1,11.9,6
0.39,0.036,3.19,11.9,7
0.39,0.052,3.11,9.2,6
0.32,0.04,3.24,11.3,6
0.32,0.04,3.24,11.3,6
0.37,0.034,3.25,11,7
0.39,0.036,3.19,11.9,7
0.39,0.031,3.08,12.9,7
0.42,0.049,3.16,9.1,6
0.27,0.03,3.35,12.9,6
0.39,0.052,3.11,9.2,6
0.37,0.059,3.08,11,7
0.21,0.039,3.69,11.7,6
0.38,0.039,3.2,12,6
0.38,0.047,3.17,12.7,6
0.32,0.04,3.24,11.3,6
0.35,0.034,3.19,12.8,6
0.33,0.043,3.18,11.2,6
0.39,0.057,3.26,8.9,6
0.39,0.051,3.23,11.1,6
0.43,0.042,3.05,10.8,6
0.29,0.045,3.18,9.3,6
0.39,0.057,3.26,8.9,6
0.32,0.038,3.22,12.7,7
0.5,0.045,3.16,12,6
0.36,0.039,3.23,8.8,6
0.36,0.039,3.23,8.8,6
0.36,0.039,3.23,8.8,6
0.4,0.038,3.2,10.4,6
0.36,0.039,3.23,8.8,6
0.4,0.038,3.2,10.4,6
0.47,0.027,3.38,14,6
0.36,0.039,3.23,8.8,6
1.23,0.035,3.03,13.1,6
0.33,0.029,3.25,12.3,6
0.38,0.03,3.27,12.6,6
0.34,0.02,3.18,12,7
0.34,0.02,3.18,12,7
0.37,0.019,3.08,12.7,7
0.32,0.042,3.4,10.5,6
0.46,0.023,3.15,12.9,6
0.34,0.02,3.18,12,7
0.37,0.019,3.08,12.7,7
0.36,0.024,3.06,11.9,6
0.52,0.037,3.24,12,6
0.37,0.031,3.25,12.5,6
0.4,0.034,3.21,12.1,7
0.38,0.019,3.05,12.5,6
0.26,0.043,3.06,9.9,6
0.46,0.036,3.02,10.7,6
0.39,0.048,2.94,12,6
0.36,0.042,2.97,12.2,8
0.34,0.036,2.99,12.4,8
0.35,0.038,3,12.4,8
0.34,0.039,3.02,10.3,6
0.39,0.048,2.94,12,6
0.35,0.051,3.1,9.5,6
0.38,0.027,3.24,12.3,6
0.37,0.025,2.93,11.9,6
0.38,0.027,3.24,12.3,6
0.41,0.04,3.14,11.4,7
0.4,0.041,3.21,11,6
0.37,0.027,3.24,12.8,7
0.36,0.055,3.11,11,8
0.3,0.026,3.32,12.5,7
0.44,0.037,3.06,11.6,6
0.37,0.025,2.93,11.9,6
0.42,0.037,3.14,10.9,6
0.38,0.044,2.97,11,7
0.44,0.027,2.96,12.5,6
0.38,0.044,2.97,11,7
0.4,0.032,3.18,12,7
0.36,0.031,3.14,12.4,7
0.44,0.027,2.96,12.5,6
0.34,0.022,3.22,12.8,7
0.38,0.044,2.97,11,7
0.36,0.033,3.11,12.4,7
0.39,0.031,3.15,12.9,7
0.42,0.045,3.09,10.9,6
0.44,0.043,3.04,12,6
0.45,0.041,3.01,10.6,6
0.2,0.033,3.34,12.3,6
0.33,0.104,3.19,11.5,6
0.31,0.036,3.27,12.8,7
0.38,0.034,3.1,12.9,6
0.34,0.037,3.01,12,6
0.44,0.043,3.04,12,6
0.28,0.045,3.22,11.2,6
0.4,0.041,3.11,13.3,7
0.3,0.046,3.34,9.9,6
0.37,0.055,3.11,9.5,6
0.42,0.054,3.12,9.4,6
0.26,0.047,3.48,11,7
0.57,0.056,2.96,9.4,6
0.37,0.038,2.98,11.5,6
0.29,0.035,3.18,11.9,6
0.34,0.054,3.26,10.4,6
0.28,0.045,3.22,11.2,6
0.39,0.035,3.11,12.5,6
0.35,0.039,3.18,11,7
0.24,0.034,3.1,12.3,7
0.42,0.036,3.18,11,6
0.42,0.036,3.1,12.6,7
0.35,0.036,3.31,11.6,6
0.24,0.034,3.1,12.3,7
0.36,0.02,3.19,13.4,7
0.41,0.034,3.18,11.5,6
0.49,0.037,3.04,11.6,6
0.37,0.039,3.18,11.1,7
0.35,0.039,3.18,11,7
0.45,0.043,3.06,11.3,6
0.37,0.043,3.08,9.9,6
0.37,0.025,3.06,12.6,8
0.16,0.029,3.3,11.8,8
0.31,0.045,3.1,9.2,6
0.31,0.045,3.1,9.2,6
0.31,0.045,3.1,9.2,6
0.31,0.045,3.1,9.2,6
0.31,0.045,3.1,9.2,6
0.31,0.045,3.1,9.2,6
0.32,0.047,3.1,9.3,7
0.31,0.03,3.22,12.6,8
0.12,0.035,3.34,9.6,6
0.32,0.03,3.11,11.8,6
0.2,0.043,3.21,10.2,6
0.36,0.051,3.32,12.7,6
0.34,0.044,3.28,12,7
0.32,0.045,3.08,11.3,7
0.32,0.038,3.32,11.8,7
0.3,0.06,3.23,12.2,8
0.25,0.057,3.23,11.1,7
0.32,0.065,3.06,11.4,6
0.3,0.051,3.13,12.8,6
0.36,0.039,3.07,10.1,7
0.14,0.184,2.93,9.4,6
0.25,0.035,2.91,12.2,6
0.31,0.046,3.07,10.9,7
0.31,0.047,3.06,10.9,7
0.31,0.046,3.07,10.9,7
0.14,0.184,2.93,9.4,6
0.33,0.044,3.17,12.9,8
0.35,0.04,2.91,12,7
0.28,0.043,3.38,10.1,6
0.35,0.039,3.34,11.8,6
0.32,0.029,3,12.3,7
0.33,0.044,3.17,12.9,8
0.28,0.032,3.13,12.3,6
0.34,0.032,3.27,13.5,7
0.3,0.033,3.29,12.8,7
0.29,0.022,3.04,12.8,7
0.3,0.033,3.29,12.8,7
0.28,0.039,3.2,10.6,6
0.27,0.039,3.16,12.4,7
0.29,0.048,3.22,12.9,7
0.29,0.047,3.54,11.1,7
0.28,0.032,3.08,12.9,7
0.33,0.042,3.1,11.8,7
0.38,0.058,3.23,9.1,6
0.37,0.036,3.09,12.7,7
0.37,0.036,3.16,12,6
0.32,0.043,3.24,11.2,6
0.35,0.042,3.19,12.4,7
0.33,0.04,3.29,12.7,6
0.3,0.039,3.48,12.5,7
0.31,0.037,3.14,12,6
0.3,0.047,3.16,11.6,6
0.28,0.035,3.12,12.6,7
0.36,0.036,3.43,10.4,7
0.34,0.049,3.02,11,6
0.33,0.048,3.11,10.1,6
0.32,0.046,3.08,10.5,6
0.28,0.059,3.23,12.1,7
0.22,0.047,3.18,9.9,6
0.25,0.034,3.05,11.4,6
0.29,0.048,3,9.5,6
0.29,0.048,3,9.5,6
0.29,0.048,3,9.5,6
0.28,0.046,3.17,10.9,6
0.27,0.05,3.08,9.5,6
0.31,0.048,3.32,12.6,6
0.27,0.05,3.08,9.5,6
0.28,0.048,3,9.5,7
0.29,0.048,3,9.5,6
0.24,0.058,3.13,10.6,6
0.24,0.057,3.12,10.6,6
0.21,0.055,3.15,10.8,6
0.28,0.046,3.17,10.9,6
0.27,0.047,3.34,9.9,6
0.28,0.06,3.08,11.3,6
0.28,0.034,3.22,12.6,6
0.28,0.034,2.96,12.5,6
0.28,0.032,3.02,12.4,6
0.28,0.038,3.31,11.8,7
0.23,0.026,3.18,12.2,6
0.28,0.048,3.19,10.7,6
0.33,0.033,3.17,11.3,7
0.28,0.034,2.96,12.5,6
0.28,0.032,3.02,12.4,6
0.49,0.033,3.05,11.3,7
0.27,0.047,3.34,9.9,6
0.28,0.06,3.08,11.3,6
0.28,0.034,3.22,12.6,6
0.26,0.033,3.14,11.5,6
0.26,0.033,2.98,12.3,7
0.21,0.032,2.97,12.2,6
0.25,0.033,3.08,13.2,6
0.28,0.041,3.13,10.2,6
0.28,0.039,3.05,11.5,7
0.25,0.033,3.08,13.2,6
0.21,0.032,2.97,12.2,6
0.26,0.051,3.47,11,6
0.24,0.034,2.98,13.2,7
0.26,0.047,3.25,10.2,6
0.28,0.041,3.13,10.2,6
0.25,0.05,3,11.4,6
0.27,0.03,3.16,12.5,8
0.34,0.04,3.28,12.1,7
0.35,0.045,3.1,10.7,7
0.34,0.04,3.28,12.1,7
0.32,0.046,3.38,11.2,6
0.3,0.044,3.25,10.6,6
0.31,0.037,3.06,11.8,6
0.27,0.03,3.16,12.5,8
0.35,0.096,2.95,12.6,6
0.3,0.026,3.13,12.8,7
0.3,0.026,3,12.3,6
0.3,0.026,2.99,12.3,8
0.26,0.036,2.98,12.4,6
0.3,0.03,2.93,12.3,6
0.28,0.032,3.1,10.6,6
0.29,0.042,3.19,10.3,6
0.33,0.037,3.25,11.1,6
0.18,0.054,3.12,10.8,6
0.18,0.054,3.12,10.8,6
0.28,0.034,3.21,11.2,6
0.32,0.037,3.19,10.2,6
0.33,0.037,3.25,11.1,6
0.3,0.041,3.12,10.2,6
0.35,0.032,3.15,11.5,7
0.17,0.036,3.05,9.8,6
0.29,0.042,3.11,10.1,6
0.48,0.05,2.95,8.8,6
0.35,0.032,3.15,11.5,7
0.3,0.031,3.39,12.7,7
0.4,0.032,3.1,9.8,6
0.4,0.032,3.1,9.8,6
0.3,0.031,3.39,12.7,7
0.28,0.059,3.24,12.7,8
0.28,0.026,2.98,13.1,8
0.27,0.034,3.36,12.5,6
0.4,0.047,3.34,9.1,6
0.4,0.047,3.34,9.1,6
0.26,0.039,3.33,11.2,6
0.27,0.034,3.36,12.5,6
0.4,0.047,3.34,9.1,6
0.39,0.047,3.34,9.1,6
0.27,0.037,3.05,12.9,7
0.29,0.076,2.95,12.5,6
0.28,0.034,3.25,12.3,6
0.23,0.041,3.1,11.4,6
0.27,0.035,3.1,11.8,7
0.22,0.042,3.24,11.4,6
0.32,0.033,3.19,12.1,8
0.3,0.057,3.15,10.4,6
0.29,0.044,3.12,9.2,6
0.29,0.034,3.29,13,7
0.32,0.033,3.19,12.1,8
0.29,0.029,2.93,11.5,7
0.29,0.029,2.93,11.5,7
0.3,0.038,3.25,11.1,6
0.24,0.031,2.9,12.2,6
0.31,0.037,3.41,11.1,7
0.2,0.027,3.36,13.9,7
0.28,0.056,2.99,9.2,6
0.4,0.055,2.98,10.5,6
0.3,0.042,3.04,11.3,8
0.34,0.04,3.24,12.9,6
0.31,0.035,3.26,12.9,7
0.34,0.04,3.25,12.9,6
0.34,0.04,3.24,12.9,6
0.36,0.031,3.23,13.2,8
0.28,0.056,2.99,9.2,6
0.3,0.042,3.04,11.3,8
0.4,0.055,2.98,10.5,6
0.36,0.045,3.3,10.5,6
0.27,0.038,3.2,12.6,8
0.19,0.064,3.05,9.5,6
0.45,0.06,3.31,9.8,6
0.24,0.032,3.04,13.4,8
0.24,0.037,3.05,11.8,7
0.45,0.06,3.31,9.8,6
0.28,0.039,3.22,13.1,7
0.27,0.038,3.2,12.6,8
0.27,0.033,3.22,13.4,8
0.26,0.035,3.06,13,7
0.24,0.032,3.04,13.4,8
0.32,0.056,3.11,10.2,7
0.33,0.039,3.07,11.7,6
0.19,0.064,3.05,9.5,6
0.2,0.036,3.03,11.7,6
0.31,0.041,3.04,11.4,8
0.24,0.037,3.05,11.8,7
0.44,0.057,3.09,11.2,6
0.27,0.036,3.19,13,7
0.27,0.036,3.19,13,7
0.36,0.042,3.34,10.9,6
0.28,0.042,3.14,11.6,7
0.28,0.038,3.3,11.3,7
1,0.032,3.29,12,6
0.36,0.052,3.38,10.5,6
0.3,0.036,3.31,13.1,7
0.27,0.036,3.19,13,7
0.36,0.042,3.34,10.9,6
0.31,0.04,3.18,13.4,7
0.34,0.029,3.33,11.5,7
0.32,0.031,3.38,11.2,7
0.28,0.042,3.36,10.9,6
0.28,0.036,3.19,13.5,7
0.25,0.046,3.17,9.9,6
0.24,0.041,2.98,10.5,6
0.28,0.046,3.18,11.7,7
0.31,0.043,3.49,11,6
0.28,0.032,2.99,13,6
0.23,0.03,2.93,13.6,6
0.33,0.031,3.08,12.3,7
0.34,0.044,3.25,13.3,7
0.29,0.036,3.08,13.7,7
0.62,0.038,3.23,13.4,7
0.24,0.038,3.31,11.3,7
0.27,0.028,3.37,11.6,6
0.27,0.028,3.37,11.6,6
0.28,0.024,3.01,12.4,6
0.29,0.053,3.11,9.8,6
0.27,0.034,3.26,13.1,7
0.46,0.036,3.1,11.7,6
0.3,0.045,3.14,10.6,6
0.28,0.032,3.1,10.9,6
0.25,0.029,3.17,12.2,7
0.31,0.031,3.03,12.7,6
0.25,0.024,2.98,13,6
0.27,0.03,3.16,11.2,6
0.37,0.036,3.2,9.4,6
0.2,0.031,3.41,11,6
0.2,0.031,3.41,11,6
0.29,0.039,3.1,9.2,6
0.37,0.036,3.2,9.4,6
0.29,0.039,3.1,9.2,6
0.19,0.029,3.22,12.3,6
0.2,0.031,3.41,11,6
0.32,0.022,3.04,10,6
0.22,0.044,3.24,9,6
0.22,0.044,3.24,9,6
0.22,0.044,3.24,9,6
0.28,0.023,2.92,11.1,6
0.15,0.042,3.06,9.9,6
0.21,0.037,3.66,12.2,7
0.28,0.023,2.92,11.1,6
0.22,0.044,3.24,9,6
0.28,0.032,3.11,12.9,6
0.34,0.028,3.01,12.4,6
0.28,0.032,3.11,12.9,6
0.27,0.036,2.99,11.2,6
0.28,0.029,3,12.6,6
0.27,0.031,3.12,11.5,6
0.34,0.035,3.07,11.3,7
0.27,0.036,2.99,11.2,6
0.27,0.031,3.12,11.5,6
0.28,0.029,3,12.6,6
0.4,0.027,3.15,11.9,6
0.21,0.036,3.18,10.1,6
0.28,0.027,3.15,11,7
0.27,0.035,3.04,11.3,7
0.28,0.028,2.94,11.5,7
0.24,0.023,3.14,12.8,7
0.32,0.037,3.3,12.3,6
0.3,0.041,3.26,10.4,6
0.28,0.028,2.94,11.5,7
0.35,0.032,3.16,11.7,7
0.28,0.044,3.35,10.7,7
0.71,0.042,2.85,9.5,6
0.71,0.042,2.85,9.5,6
0.71,0.042,2.85,9.5,6
0.35,0.037,3.18,12,7
0.27,0.043,3.35,10.7,7
0.28,0.044,3.35,10.7,7
0.32,0.049,3.12,10.7,7
0.29,0.031,3.12,12.1,7
0.28,0.034,3,11.9,7
0.28,0.042,3.18,10.8,6
0.24,0.033,3.59,12.3,7
0.38,0.053,3.3,9.4,6
0.3,0.049,3.2,9.9,6
0.24,0.039,3.35,10.4,7
0.24,0.038,3.35,10.4,6
0.27,0.027,3.15,12.6,7
0.23,0.017,2.93,12.5,6
0.18,0.047,3.27,11.2,6
0.25,0.044,2.91,9.2,6
0.25,0.044,2.91,9.2,6
0.18,0.047,3.27,11.2,6
0.18,0.046,3.27,10.8,6
0.25,0.044,2.91,9.2,6
0.3,0.037,2.96,12.5,6
0.24,0.044,3.04,10,7
0.28,0.031,3.06,10.6,6
0.26,0.04,3.07,10.7,7
0.24,0.044,3.04,10,7
0.3,0.037,2.96,12.5,6
0.28,0.031,3.06,10.6,6
0.28,0.029,3.19,12.8,7
0.2,0.117,3.24,9.5,6
0.2,0.118,3.24,9.5,6
0.25,0.036,3.06,10.8,6
0.25,0.036,3.06,10.8,6
0.51,0.045,3.2,8.8,6
0.25,0.036,3.06,10.8,6
0.27,0.021,3.08,11,7
0,0.02,3.29,12.4,6
0.39,0.02,3.25,11.3,7
0.34,0.018,3.12,11.2,7
0.32,0.014,3.24,12.5,7
0.32,0.017,3.12,10,6
0.33,0.047,3.12,11,6
0.4,0.052,3.16,10.5,6
0.4,0.052,3.16,10.5,6
0.33,0.047,3.12,11,6
0.23,0.046,3.12,11.4,7
0.28,0.039,3.16,11.3,6
0.22,0.031,2.97,12.2,7
0.24,0.037,2.9,12.6,7
0.37,0.035,3.26,12.3,6
0.17,0.06,3.13,8.8,6
0.33,0.036,3.27,9.5,6
0.17,0.06,3.13,8.8,6
0.32,0.047,3.42,10.4,6
0.26,0.038,3.11,13,7
0.28,0.03,3.16,12.2,7
0.47,0.035,3.03,10.5,8
0.3,0.043,3.33,10.8,7
0.16,0.036,3.2,13.2,8
0.28,0.032,3.16,13,8
0.39,0.049,3.5,10,6
0.31,0.034,3.16,12.4,6
0.54,0.035,3.27,12.9,8
0.16,0.036,3.2,13.2,8
0.26,0.038,3.02,10.5,7
0.28,0.032,3.16,13,8
0.32,0.029,3.41,12.7,7
0.18,0.044,3.14,9.4,6
0.29,0.025,3.03,12.9,7
0.29,0.032,2.96,13,8
0.3,0.029,3.31,13.6,7
0.19,0.049,3.25,10.4,6
0.3,0.029,3.31,13.6,7
0.58,0.032,3.28,12.2,6
0.27,0.037,3.04,10.5,7
0.41,0.044,3.24,10.2,6
0.26,0.027,3.06,12.5,8
0.44,0.051,3.11,11.3,7
0.41,0.044,3.24,10.2,6
0.3,0.028,3.13,12.6,7
0.41,0.044,3.24,10.2,6
0.35,0.04,3.32,12.5,6
0.26,0.027,3.06,12.5,8
0.24,0.027,3.3,11.5,7
0.26,0.027,2.98,11.4,6
0.27,0.037,3.04,10.5,7
0.3,0.028,3.13,12.6,7
0.4,0.053,3.17,11,6
0.44,0.051,3.11,11.3,7
0.41,0.044,3.24,10.2,6
0.34,0.036,3.06,11.6,6
0.31,0.05,3.05,9.1,6
0.31,0.05,3.05,9.1,6
0.31,0.05,3.05,9.1,6
0.31,0.05,3.05,9.1,6
0.34,0.037,2.96,11.7,6
0.43,0.041,3.23,12.6,6
0.31,0.05,3.05,9.1,6
0.38,0.036,3.47,9.1,6
0.24,0.053,3.11,9.2,6
0.27,0.024,3.35,11.9,7
0.28,0.036,3.36,10.8,7
0.33,0.051,3.37,11.3,6
0.28,0.028,3.17,12.1,6
0.28,0.03,3.38,11.3,7
0.28,0.036,3.36,10.8,7
0.33,0.028,3.36,13.5,7
0.2,0.035,3.11,9,6
0.26,0.041,3.08,11.6,6
0.34,0.029,3.21,12.5,6
0.46,0.16,3.19,13.4,6
0.18,0.034,3.32,10.2,6
0.28,0.051,2.96,9,7
0.28,0.051,2.96,9,7
0.28,0.051,2.96,9,7
0.28,0.051,2.96,9,7
0.28,0.051,2.96,9,7
0.28,0.051,2.96,9,7
0.28,0.051,2.96,9,7
0.3,0.07,2.89,9,6
0.29,0.051,3.43,11,6
0.28,0.051,2.96,9,7
0.15,0.026,3.39,13.4,8
0.32,0.015,2.99,11,6
0.32,0.015,2.99,11,6
0.32,0.016,2.99,11,6
0.28,0.028,3.16,11.1,7
0.15,0.026,3.39,13.4,8
0.29,0.035,3.17,10.6,6
0.28,0.042,3.14,10.2,6
0.29,0.035,3.17,10.6,6
0.28,0.018,3.24,12.2,6
0.28,0.018,3.24,12.2,6
0.3,0.022,3.42,11.4,7
0.45,0.022,3.2,12.7,7
0.29,0.02,3.13,10.8,6
0.3,0.018,3.08,11,6
0.27,0.064,3.2,10.1,6
0.31,0.027,3.46,13.2,7
0.52,0.047,3.16,9.5,6
0.3,0.043,3.03,10.4,6
0.26,0.049,3.14,9.9,6
0.27,0.064,3.2,10.1,6
0.29,0.056,3.17,9.4,6
0.3,0.033,3.02,11,6
0.34,0.042,2.99,10.8,6
0.3,0.033,3.02,11,6
0.62,0.042,2.96,10.2,6
0.34,0.042,2.99,10.8,6
0.32,0.042,3.28,12.9,7
0.24,0.036,3.24,11.3,6
0.26,0.034,3.38,11.5,6
0.26,0.034,3.38,11.5,6
0.28,0.042,3.03,10.4,6
0.28,0.033,3.17,12.5,6
0.3,0.042,3.05,11.3,7
0.21,0.034,3.26,13,6
0.26,0.034,3.38,11.5,6
0.24,0.036,3.24,11.3,6
0.23,0.035,3.15,13.2,7
0.23,0.034,3.46,11.5,7
0.29,0.058,3.15,9.7,6
0.33,0.05,3,12.4,6
0.33,0.05,3,12.4,6
0.25,0.028,3.14,11.7,6
0.5,0.036,2.96,11,6
0.31,0.032,2.97,11.9,6
0.28,0.028,3.2,13.2,7
0.25,0.028,3.14,11.7,6
0.32,0.023,3.34,12.6,6
0.79,0.194,3.17,10.5,6
0.32,0.023,3.34,12.6,6
0.29,0.03,3.41,13.7,7
0.23,0.037,3.36,12,6
0.26,0.031,3.4,12.5,7
0.27,0.03,3.55,12.1,6
0.29,0.032,3.21,11.3,6
0.23,0.037,3.36,12,6
0.27,0.049,3.46,10.3,6
0.3,0.039,3.27,12.7,6
0.3,0.054,3.1,9.5,6
0.19,0.045,3.16,10.1,6
0.19,0.045,3.16,10.1,6
0.22,0.038,3.25,13,7
0.38,0.04,3.24,13.1,6
0.32,0.048,3.1,11,6
0.25,0.056,3.08,9.4,6
0.3,0.054,3.1,9.5,6
0.27,0.055,3.16,10.2,6
0.19,0.045,3.16,10.1,6
0.27,0.057,3.29,9.9,7
0.24,0.047,3.1,8.9,6
0.24,0.047,3.1,8.9,6
0.31,0.045,3.06,12.2,6
0.24,0.047,3.1,8.9,6
0.36,0.029,3.13,12.5,6
0.31,0.045,3.06,12.2,6
0.36,0.029,3.13,12.5,6
0.24,0.047,3.1,8.9,6
0.26,0.046,3.16,10.8,6
0.26,0.043,2.99,11.4,6
0.16,0.031,3.24,12.2,6
0.33,0.021,3.26,12.3,6
0.29,0.038,3.23,10.4,6
0.3,0.035,2.99,10.4,6
0.34,0.035,3.07,11,7
0.38,0.144,2.95,11.4,6
0.26,0.071,3.1,11.5,6
0.18,0.036,3.21,14,7
0.3,0.036,3.25,12.5,7
0.3,0.036,3.25,12.5,7
0.3,0.038,3.09,12.8,7
0.24,0.037,3.23,11.2,7
0.24,0.037,3.23,11.2,7
0.3,0.04,3.17,13.6,6
0.82,0.149,2.93,9.2,6
0.3,0.036,3.25,12.5,7
0.32,0.054,3.17,11.1,6
0.24,0.037,3.23,11.2,7
0.18,0.036,3.21,14,7
0.3,0.04,3.17,13.6,6
0.28,0.037,3.12,14.2,7
0.28,0.035,3,13.2,6
0.37,0.05,3.04,11.2,6
0.3,0.038,3.09,12.8,7
0.29,0.056,3.19,9.9,6
0.26,0.03,3.03,12.1,6
0.28,0.036,3.14,13.3,6
0.28,0.05,3.22,11.5,8
0.3,0.04,3.28,10.7,6
0.25,0.042,3.44,10.3,6
0.38,0.04,2.88,12,6
0.32,0.048,3.21,11,6
0.39,0.053,3.18,11.1,6
0.15,0.046,2.99,9.9,6
0.32,0.048,3.22,11,6
0.32,0.048,3.21,11,6
0.33,0.042,3.32,12.5,6
0.32,0.042,3.31,12.7,7
0.3,0.043,2.88,11.2,6
0.3,0.038,3.13,10.8,7
0.3,0.043,2.88,11.2,6
0.19,0.048,3.26,9.5,6
0.19,0.048,3.26,9.5,6
0.24,0.04,3.14,9.8,6
0.27,0.032,3.17,13,7
0.32,0.044,3.39,11.8,7
0.19,0.048,3.26,9.5,6
0.52,0.049,3.16,9.5,6
0.3,0.034,3.03,10.4,6
0.31,0.035,3.08,9.8,7
0.3,0.034,3.03,10.4,6
0.67,0.175,3.06,10.3,6
0.52,0.049,3.16,9.5,6
0.26,0.033,3.19,11.9,7
0.29,0.025,3.15,12.8,7
0.25,0.03,3.09,13,6
0.53,0.04,3.26,10.4,7
0.52,0.034,3.25,10.4,6
0.27,0.036,3.05,10.7,7
0.26,0.033,3.19,11.9,7
0.25,0.043,3.19,10.4,6
0.29,0.025,3.15,12.8,7
0.27,0.044,3.2,9.9,6
0.27,0.044,3.2,9.9,6
0.41,0.048,3.16,9.4,6
0.17,0.048,3.3,11.4,6
0.27,0.044,3.2,9.9,6
0.41,0.048,3.16,9.4,6
0.32,0.041,2.9,10.5,7
0.34,0.048,3.25,11,7
0.34,0.048,3.25,11,7
0.34,0.048,3.25,11,7
0.29,0.041,3.22,12.8,7
0.49,0.053,3.01,10.5,6
0.49,0.053,3.01,10.5,6
0.49,0.053,3.01,10.5,6
0.48,0.052,3.07,9.2,6
0.35,0.047,3.07,11.1,6
0.26,0.042,3.06,12.3,7
0.35,0.047,3.07,11.1,6
0.32,0.037,3.04,12.6,6
0.48,0.052,3.07,9.2,6
0.32,0.054,3.2,10.8,6
0.29,0.044,3,11.3,6
0.29,0.041,3.22,12.8,7
0.49,0.053,3.01,10.5,6
0.24,0.051,3.08,9.8,6
0.48,0.054,2.98,8.5,6
0.24,0.037,3.21,11.4,6
0.48,0.054,2.98,8.5,6
0.37,0.033,3.18,10.4,6
0.27,0.046,3.27,11.6,6
0.45,0.029,3.25,12.4,6
0.37,0.033,3.18,10.4,6
0.27,0.029,3.2,12.2,6
0.3,0.031,3.22,11,6
0.38,0.021,3.13,11.1,6
0.22,0.032,3.24,11,6
0.27,0.05,2.9,8.7,7
0.27,0.05,2.9,8.7,7
0.27,0.05,2.9,8.7,7
0.27,0.05,2.9,8.7,7
0.28,0.05,2.94,9,7
0.35,0.038,3,10.7,6
0.35,0.038,3,10.7,6
0.36,0.034,3.02,11.3,6
0.27,0.05,2.9,8.7,7
0.27,0.028,2.96,11.7,6
0.27,0.05,2.9,8.7,7
0.28,0.05,2.94,9,7
0.27,0.028,2.96,11.7,6
0.36,0.036,3.05,11.4,6
0.35,0.038,3,10.7,6
0.36,0.034,3.02,11.3,6
0.32,0.036,3.15,11.2,6
0.26,0.029,3.27,12.9,8
0.27,0.057,3.16,11.8,6
0.27,0.057,3.16,11.8,6
0.28,0.049,3.19,10.7,6
0.32,0.048,2.96,12,6
0.38,0.043,3.15,10.4,7
0.26,0.049,3.08,9.4,6
0.21,0.044,3.3,11,6
0.21,0.044,3.3,11,6
0.28,0.052,3.19,10.4,6
0.27,0.05,3.1,9.8,6
0.26,0.049,3.08,9.4,6
0.28,0.046,3.23,10.6,6
0.24,0.048,3.06,11.5,8
0.29,0.048,3.06,11.4,6
0.4,0.058,3.03,9.2,6
0.42,0.059,3.12,9.7,6
0.27,0.047,3.07,11.3,6
0.24,0.098,3.15,9.6,6
0.3,0.07,2.86,8.9,6
0.28,0.057,3.26,10,6
0.2,0.059,3.18,9.2,6
0.27,0.11,3.08,9,6
0.28,0.03,3.09,12.8,7
0.27,0.11,3.08,9,6
0.28,0.057,3.26,10,6
0.2,0.059,3.18,9.2,6
0.23,0.037,3.08,10.6,6
0.28,0.03,3.31,11.7,7
0.27,0.035,3.12,12.5,7
0.45,0.039,3.07,11.1,7
0.26,0.037,3.04,12.3,6
0.42,0.035,3.18,12.2,6
0.22,0.043,3.75,11.3,6
0.25,0.04,3.31,11.3,6
0.25,0.041,3.27,11.1,6
0.29,0.041,3.26,11.2,6
0.29,0.046,3.15,11.3,6
0.32,0.041,3.07,12,6
0.2,0.069,3.15,8.8,6
0.2,0.069,3.15,8.8,6
0.31,0.046,3.15,12,8
0.31,0.046,3.15,12,7
0.22,0.054,3.12,9.3,6
0.25,0.059,3.14,8.7,6
0.32,0.095,3.1,12.8,6
0.36,0.052,3.1,11.5,7
0.31,0.02,3.22,13.4,7
0.32,0.032,3.05,11.2,6
0.27,0.04,3.33,10.8,6
0.28,0.038,3.24,12.5,6
0.23,0.035,3.46,12.8,6
0.32,0.041,3.22,12.7,6
0.35,0.054,3.1,11,7
0.29,0.052,3.02,10.4,6
0.29,0.052,3.02,10.4,6
0.27,0.051,3.25,10.7,6
0.28,0.055,3.22,10.9,6
0.29,0.052,3.02,10.4,6
0.29,0.052,3.03,10.4,6
0.29,0.064,3.16,9.7,7
0.35,0.054,3.1,11,7
0.25,0.055,3.19,9.6,6
0.28,0.038,3.1,13.9,7
0.32,0.032,3.1,12.5,6
0.25,0.055,3.19,9.6,6
0.3,0.056,2.9,8.7,7
0.3,0.056,2.9,8.7,7
0.3,0.056,2.9,8.7,7
0.3,0.056,2.9,8.7,7
0.3,0.056,2.9,8.7,7
0.3,0.056,2.9,8.7,7
0.35,0.05,3.17,12,7
0.31,0.044,3.19,12.1,7
0.32,0.04,3.31,13.1,8
0.26,0.039,3.32,12.4,6
0.34,0.035,3.24,12.6,7
0.3,0.056,2.9,8.7,7
0.27,0.06,3.27,11.6,6
0.22,0.05,3.06,9.3,6
0.39,0.048,3.2,11.1,7
0.33,0.049,3.1,10.2,6
0.33,0.037,3.23,10.6,6
0.33,0.038,3.16,11.3,7
0.61,0.053,3.09,9.3,6
0.32,0.039,2.96,11.1,6
0.56,0.055,3.13,9.9,6
0.3,0.041,3.31,11.8,7
0.28,0.04,3.26,12.6,7
0.34,0.037,3.19,12.3,6
0.3,0.048,3.32,11.3,6
0.3,0.04,3.2,12,6
0.24,0.044,3.12,10.2,6
0.33,0.045,2.98,12.4,6
0.24,0.044,3.12,10.2,6
0.24,0.04,2.94,13.4,8
0.29,0.036,3.24,12.6,6
0.33,0.045,2.98,12.4,6
0.33,0.044,3.03,12.5,6
0.27,0.033,3.05,11.7,6
0.31,0.044,3.29,12.9,6
0.38,0.044,3.06,10.3,6
0.27,0.033,3.05,11.7,6
0.2,0.05,3.24,10.3,6
0.3,0.036,3.34,10.8,7
0.29,0.023,3.25,11.2,6
0.32,0.024,3.29,11.8,6
0.21,0.05,3.08,9.8,6
0.42,0.041,3.04,10,6
0.32,0.041,2.92,12.2,6
0.29,0.046,3.22,11.3,6
0.34,0.038,3.26,12.1,6
0.35,0.029,3.29,12.5,7
0.57,0.056,3.25,10.4,7
0.27,0.047,3.44,10.1,7
0.23,0.048,3.11,9.9,6
0.25,0.046,2.97,11,6
0.23,0.045,2.94,10,6
0.37,0.066,3.14,12.7,6
0.28,0.036,3.07,12.1,6
0.33,0.052,3.23,10.4,6
0.3,0.05,3.24,10.4,6
0.36,0.041,3.27,11.9,7
0.24,0.042,3.08,10.1,6
0.29,0.034,3.1,11.1,6
0.29,0.037,3.13,10.8,7
0.26,0.019,3.16,11.8,6
0.26,0.023,3.07,12.3,6
0.47,0.145,3.09,10.1,6
0.2,0.04,3.25,11.4,6
0.19,0.044,3.19,10.4,6
0.26,0.053,3.2,9.8,6
0.24,0.047,3.3,9.9,6
0.26,0.053,3.2,9.8,6
0.23,0.034,2.96,12.1,6
0.02,0.036,3.75,12.4,6
0.22,0.038,3.22,11.2,6
0.27,0.042,3.32,12.7,7
0.54,0.036,3.26,12.2,6
0.05,0.036,3.26,12.2,6
0.16,0.042,3.23,12.2,6
0.22,0.038,3.22,11.2,6
0.27,0.042,3.32,12.7,7
0.27,0.044,3.31,12.7,7
0.29,0.04,3.17,12.1,6
0.3,0.041,3.07,10.1,6
0.2,0.044,3.22,8.9,6
0.2,0.044,3.22,8.9,6
0.2,0.044,3.22,8.9,6
0.2,0.044,3.22,8.9,6
0.2,0.027,3.56,13,7
0.27,0.04,3.23,10.5,6
0.2,0.044,3.22,8.9,6
0.26,0.049,3.15,11,6
0.26,0.049,3.15,11,6
0.26,0.049,3.15,11,6
0.26,0.049,3.15,11,6
0.33,0.03,2.88,10.5,6
0.27,0.048,2.87,9.7,6
0.32,0.041,3.17,11.2,6
0.32,0.041,3.17,11.2,6
0.35,0.037,3.13,11,6
0,0.038,3.44,12.4,6
0.3,0.208,3.1,9.4,6
0.39,0.034,3.05,10,6
0.29,0.043,3.16,12.5,6
0.25,0.044,3.39,10.9,6
0.24,0.044,3.38,10.5,6
0.27,0.05,3.22,10.8,6
0.27,0.039,3.38,11,7
0.29,0.036,3.33,11.8,6
0.25,0.038,3.36,12.6,6
0.24,0.054,3.17,10.2,6
0.29,0.043,3.16,12.5,6
0.3,0.04,3.32,11.5,6
0.22,0.035,3.2,11.94,7
0.24,0.035,3.12,12.8933333333333,7
0.26,0.038,3,12.2,7
0.22,0.035,3.2,11.94,7
0.24,0.035,3.12,12.8933333333333,7
0.22,0.036,3,10.6,6
0.33,0.042,3.04,10.5,7
0.3,0.037,2.89,11.4666666666667,6
0.28,0.043,3.4,11.4,6
0.27,0.057,2.94,8.8,8
0.27,0.057,2.94,8.8,8
0.27,0.057,2.94,8.8,8
0.27,0.057,2.94,8.8,8
0.27,0.057,2.94,8.8,8
0.27,0.057,2.94,8.8,8
0.27,0.057,2.94,8.8,8
0.29,0.044,3.23,10.4,8
0.27,0.057,2.94,8.8,8
0.52,0.054,3.04,10.0333333333333,6
0.35,0.052,3.44,11.3,6
0.25,0.024,3.37,10.4,6
0.69,0.176,2.96,9.2,6
0.35,0.034,3.11,11.1,6
0.69,0.176,2.96,9.2,6
0.3,0.034,3.03,11.3,7
0.52,0.042,2.98,9.1,6
0.25,0.015,2.82,13.2,6
0.28,0.039,3.22,12.7,6
0.3,0.064,3.11,11.4333333333333,6
0.27,0.049,3.27,11.1,6
0.28,0.039,3.22,12.7,6
0.34,0.04,3.31,11.6,6
0.2,0.062,3.17,9.8,6
0.33,0.039,3.22,12,6
0.27,0.039,3.12,12.8,6
0.21,0.041,2.99,10.9333333333333,6
0.28,0.035,3.26,12.6,6
0.28,0.041,2.98,10.9,6
0.21,0.041,2.99,10.9333333333333,6
0.23,0.038,3.05,11.3666666666667,6
0.28,0.043,3.14,12.5,6
0.32,0.041,3.22,11,6
0.27,0.035,3.21,11.3333333333333,6
0.29,0.05,3.31,11.0666666666667,6
0.27,0.058,3.22,12.2,6
0.26,0.041,3.2,11,6
0.27,0.035,3.21,11.3333333333333,6
0.31,0.043,3.28,11,6
0.33,0.039,3.11,11.2,6
0.29,0.036,3.08,9.3,6
0.28,0.047,3.25,10.5,6
0.26,0.046,3.26,10.8,6
0.29,0.041,3.02,12.1,6
0.26,0.043,3.17,12.3,6
0.29,0.037,3.17,12.8,7
0.32,0.046,2.92,11.05,6
0.29,0.037,3.17,12.8,7
0.38,0.039,3.23,13.1,7
0.27,0.041,3.04,11.5,7
0.38,0.039,3.23,13.1,7
0.27,0.041,3.04,11.5,7
0.28,0.04,3.19,10.5,6
0.23,0.047,3.08,8.8,6
0.23,0.047,3.08,8.8,6
0.23,0.047,3.08,8.8,6
0.23,0.047,3.08,8.8,6
0.28,0.04,3.19,10.5,6
0.28,0.04,3.19,10.5,6
0.23,0.047,3.08,8.8,6
0.5,0.045,3.22,9.9,6
0.52,0.047,3.22,9.9,6
0.27,0.038,3.2,12.2,6
0.34,0.042,3.27,10.8,6
0.28,0.043,3.21,13.2,6
0.26,0.03,3.15,12.7,6
0.24,0.045,3.25,11.2,6
0.3,0.051,3.24,11.3333333333333,6
0.28,0.051,3.36,11.9,6
0.3,0.051,3.24,11.35,6
0.25,0.033,3.16,12.4,6
0.25,0.031,3.39,11.3,6
0.25,0.031,3.39,11.3,6
0.1,0.024,3.48,13.1,6
0.29,0.035,3.04,12.5,6
0.22,0.039,3.23,10.7,6
0.25,0.04,3.05,10.4,6
0.29,0.035,3.04,12.5,6
0.26,0.051,3,9.4,6
0.26,0.045,3.24,13,7
0.26,0.051,3,9.4,6
0.24,0.044,3.27,10.6,6
0.2,0.038,3.23,13.4,6
0.32,0.031,3.12,12.5,6
0.24,0.051,3.24,11.3,6
0.27,0.042,3.03,10.9,6
0.29,0.042,3.76,11.3,6
0.28,0.039,3.36,12.1,6
0.22,0.049,3.2,10.1,6
0.33,0.036,3.26,12.4,6
0.38,0.034,3.11,12.7,6
0.33,0.037,3.18,12.4,6
0.33,0.033,3.29,12.5,6
0.25,0.05,3.16,9.9,6
0.28,0.045,3.47,11.2,6
0.49,0.03,3.13,13,6
0.49,0.03,3.13,13,6
0.33,0.033,3.2,11.7,6
0.23,0.038,2.97,13.1,6
0.37,0.032,3.08,12,6
0.25,0.043,3.36,10.55,6
0.29,0.046,3.04,11.45,6
0.39,0.053,3.18,10.2,6
0.29,0.046,3.04,11.45,6
0.26,0.053,3.27,12.2,6
0.33,0.053,3.2,11,6
0.21,0.055,3.35,10.4,6
0.31,0.05,3.14,11.4,6
0.01,0.041,3.26,14.05,7
0.28,0.044,3.22,11.2,6
0.3,0.047,3.24,13.4,6
0.32,0.034,3.36,12.5,6
0.32,0.034,3.36,12.5,6
0.29,0.044,3.12,11.2,6
0.26,0.039,3.06,11.2,6
0.32,0.036,3.16,12.7,6
0.17,0.049,3,9.8,6
0.33,0.049,3.14,9.8,6
0.22,0.058,3.32,11.7,6
0.33,0.049,3.14,9.8,6
0.25,0.049,3.16,10,6
0.22,0.058,3.32,11.7,6
0.22,0.058,3.32,12.3,6
0.17,0.049,3,9.8,6
0.19,0.068,3.03,9,6
0.53,0.047,3.06,9.1,6
0.54,0.049,3.06,9.1,6
0.54,0.049,3.06,9.1,6
0.21,0.056,3.32,11.4,6
0.27,0.04,3.13,12.4,6
0.53,0.047,3.06,9.1,6
0.54,0.049,3.06,9.1,6
0.3,0.032,2.99,10.9,6
0.3,0.026,3.26,12.75,6
0.34,0.025,3.36,12.7,6
0.3,0.026,3.26,12.75,6
0.53,0.021,3.19,13,6
0.31,0.033,2.96,12,6
0.32,0.022,3.35,11.5,6
0.33,0.047,3.1,11.1,6
0.32,0.048,3.11,11.1,6
0.26,0.027,3.22,13.1,6
0.3,0.026,3.26,12.75,6
0.34,0.025,3.36,12.7,6
0.46,0.042,3.17,9.7,6
0.23,0.033,3.38,10.9,6
0.32,0.04,3.34,10.7,7
0.22,0.022,3.33,13.8,6
0.26,0.035,3.11,12.15,6
0.3,0.028,3.49,10.8,7
0.27,0.03,3.4,10.7,7
0.35,0.036,3.16,10.8,7
0.27,0.055,3.23,12.2,6
0.32,0.05,3.18,9.4,6
0.15,0.029,3.3,11.4,6
0.28,0.027,3.35,12.5,7
0.32,0.024,3.2,13.05,7
0.23,0.026,3.1,12.4,6
0.26,0.03,3.08,12.9,7
0.24,0.034,3.34,12,7
0.34,0.05,3.21,10,6
0.32,0.042,3.42,11.8,7
0.26,0.045,2.99,9.4,6
0.24,0.047,2.97,8.8,6
0.26,0.038,3.46,11.1,6
0.51,0.048,3.1,10.5,6
0.37,0.05,2.86,9.3,6
0.25,0.042,3.02,11.4,6
0.23,0.03,3.41,11.8,6
0.38,0.029,3.28,12.4,6
0.35,0.035,3.12,11.6,6
0.38,0.029,3.28,12.4,6
0.3,0.041,3.22,11.1,6
0.78,0.042,3.01,11,6
0.3,0.036,3.12,12.2,6
0.31,0.053,3.2,11,6
0.3,0.035,3.32,12.9,6
0.3,0.037,3.07,10.9,6
0.29,0.069,3.22,13.4,6
0,0.033,3.15,10.7,6
0.31,0.053,3.2,11,6
0.33,0.027,3.3,11.4,7
0.34,0.043,3,10.2,6
0.35,0.03,2.8,11,6
0.34,0.044,3.06,9.1,6
0.18,0.032,3.18,11,6
0.29,0.037,3.11,11.5,6
0.32,0.036,3.16,12,6
0.3,0.033,3.12,11.2,6
0.27,0.032,2.9,12.6,7
0.36,0.03,3.22,10.8,6
0.28,0.032,3.26,11.2666666666667,7
0.18,0.036,3.36,13.4,7
0.28,0.032,3.26,11.3,7
0.19,0.038,3.07,11.2,6
0.38,0.047,3.22,11.5,7
0.22,0.036,3.26,13,7
0.3,0.038,3.36,12.6,6
0.25,0.032,3.26,13.1,6
0.91,0.034,3.39,11.7,6
0.37,0.041,3.18,10.9,6
0.37,0.041,3.18,10.9,6
0.34,0.041,3.04,11.6,7
0.32,0.041,3.23,10.4,7
0.39,0.041,3.22,10.9,7
0.91,0.034,3.39,11.7,6
0.41,0.043,3.23,10.8,6
0.38,0.038,3.11,11.2,6
0.15,0.033,3.25,10,6
0.41,0.036,3.04,11.7333333333333,6
0.26,0.049,3.26,10.5,6
0.41,0.036,3.04,11.75,6
0.36,0.035,3.01,11.4,6
0.3,0.03,3.37,12.4,7
0.35,0.043,3.24,10.1,6
0.22,0.035,3.09,12.3,6
0.34,0.034,3.32,13.1,7
0.28,0.037,3.29,10.65,7
0.29,0.042,3.36,11.4,7
0.25,0.033,3.26,13.1,7
0.28,0.035,3.1,12.8,7
0.41,0.048,3.09,10.9666666666667,7
0.41,0.048,3.09,10.9666666666667,7
0.41,0.048,3.09,10.9666666666667,7
0.41,0.048,3.09,11,7
0.25,0.036,3.21,13.4,6
0.25,0.04,2.87,11.2,6
0.41,0.027,3.27,12.4,6
0.36,0.028,3.14,12.4,6
0.33,0.036,3.32,10.1333333333333,7
0.34,0.034,3.32,10.1333333333333,7
0.36,0.028,3.14,12.4,6
0.34,0.034,3.32,10.15,7
0.33,0.036,3.32,10.15,7
0.49,0.035,3.08,8.9,6
0.52,0.028,3.28,11.8,7
0.29,0.034,3.35,11.6333333333333,7
0.37,0.04,3.29,10.6,6
0.32,0.045,3.18,9.6,6
0.52,0.028,3.28,11.8,7
0.49,0.035,3.08,8.9,6
0.37,0.025,3.29,13.1,6
0.33,0.027,3.11,11.8,6
0.32,0.041,3.06,12.2,6
0.34,0.036,3.44,11.45,6
0.32,0.035,2.88,9,6
0.32,0.035,2.88,9,6
0.32,0.035,2.88,9,6
0.32,0.035,2.88,9,6
0.31,0.043,2.93,9.1,7
0.32,0.035,2.88,9,6
0.31,0.043,2.93,9.1,7
0.32,0.032,3.13,12.9,7
0.4,0.03,3.19,13,6
0.32,0.032,3.13,12.9,7
0.74,0.173,3.04,9.2,6
0.09,0.044,3.26,10.1,6
0.09,0.044,3.26,10.1,6
0.28,0.037,3.33,10.9,7
0.5,0.053,3.2,9.6,6
0.16,0.053,3.36,10.4,6
0.4,0.031,3.03,11.8,7
0.16,0.051,3.4,10.8,6
0.28,0.034,3.28,10.6,6
0.31,0.033,3.35,12.7,6
0.31,0.03,3.3,12.2,7
0.16,0.051,3.4,10.8,6
0.16,0.053,3.36,10.4,6
0.28,0.04,3.25,11.1,6
0.4,0.031,3.03,11.8,7
0.32,0.034,3.29,10,6
0.38,0.033,3.12,10.8,6
0.38,0.074,3.31,10.3,6
0.15,0.043,3.24,9.9,6
0.32,0.034,3.29,10,6
0.33,0.036,3.34,10.2,6
0.28,0.053,3.06,9.4,6
0.46,0.05,3.18,9.7,6
0.33,0.036,3.34,10.2,6
0.33,0.038,3.04,10.4,6
0.48,0.035,3.49,12.2,6
0.28,0.053,3.06,9.4,6
0.31,0.035,3.12,10.6,6
0.38,0.031,3.34,11.7,6
0.38,0.031,3.34,11.7,6
0.22,0.03,3.55,10.15,6
0.31,0.026,3.33,11.6333333333333,6
0.36,0.042,3.22,10.8,6
0.36,0.042,3.22,10.8,6
0.32,0.031,3.25,12.3,7
0.25,0.029,3.36,12.5,6
0.31,0.026,3.33,11.65,6
0.31,0.034,3.24,10.9,6
0.32,0.035,3.23,10.8,6
0.5,0.043,2.86,9.1,6
0.5,0.029,3.23,10.5,6
0.25,0.051,3.13,9.3,6
0.62,0.033,3.14,10.6,6
0.36,0.035,3.23,12.1,7
0.26,0.032,3.43,12,6
0.35,0.043,3.16,9.7,6
0.73,0.027,3.12,12.4,6
0.26,0.035,3.18,13.6,7
0.26,0.035,3.18,13.6,7
0.35,0.04,2.98,11.8,6
0.26,0.052,3.16,10,6
0.26,0.052,3.16,10,6
0.27,0.035,3.12,9.1,6
0.3,0.037,3.47,11.9,7
0.25,0.031,3.31,11.75,7
0.29,0.046,3.24,11.4,6
0.34,0.038,3.56,13,8
0.25,0.055,3.27,12.4,8
0.25,0.052,3.3,9.4,7
0.3,0.047,3.16,9.6,6
0.3,0.047,3.16,9.6,6
0.3,0.047,3.16,9.6,6
0.3,0.047,3.16,9.6,6
0.31,0.048,3.24,12,7
0.4,0.076,3.32,10.1,6
0.4,0.076,3.13,10.3,6
0.32,0.034,3.16,12.3,6
0.19,0.031,2.97,10.55,6
0.5,0.045,3.04,8.9,6
0.5,0.045,3.04,8.9,6
0.29,0.038,3.01,11.7,7
0.39,0.03,3.46,12.8,8
0.4,0.03,3.57,12.8,8
0.33,0.037,3.15,13.55,6
0.42,0.036,3.13,11.6,6
0.5,0.045,3.04,8.9,6
0,0.036,3.53,13.8,6
0.32,0.175,3.19,9.4,6
0.29,0.035,3.17,10.7,7
0.29,0.035,3.17,10.7,7
0.32,0.043,3.31,12.3,6
0.2,0.047,3.11,10.4,6
0.33,0.039,3.31,11.6,7
0.29,0.035,3.17,10.7,7
0.34,0.037,3.36,12.8,8
0.5,0.038,3.18,11.9,7
0.34,0.034,3.23,9.2,6
0.09,0.051,2.93,9.5,6
0.3,0.039,2.91,11,6
0.24,0.053,3.21,10.4,6
0.42,0.075,3.32,11.4,6
0.33,0.027,3.35,11.4,7
0.35,0.026,3.18,12.4,6
0.01,0.041,3.2,13.7,7
0.2,0.032,2.91,10.6,6
0.25,0.031,3.2,11.2,6
0.4,0.021,3.24,13.1333333333333,6
0.35,0.026,3.18,12.4,6
0.47,0.043,3.19,11,6
0.48,0.036,3.18,11.3,6
0.34,0.054,3.2,12,7
0.29,0.046,3.48,10.7,6
0.29,0.046,3.48,10.7,6
0.33,0.036,3.1,11.4,6
0.33,0.032,3.1,12.1,7
0.27,0.062,3.23,11.1,6
0.26,0.058,3.27,9.7,6
0.28,0.031,3.49,10.9,6
0.3,0.033,3.36,12,7
0.26,0.035,3.47,10.6,6
0.38,0.031,3.03,13.1,6
0.24,0.038,3.38,11,6
0.36,0.029,3.28,11.95,7
0.25,0.05,3.44,11.1,6
0.57,0.043,3.17,11.5,6
0.23,0.044,3.28,11.9,6
0.3,0.048,3.29,12.2,6
0.09,0.038,3.41,12.2,7
0.35,0.048,3.05,11.1,6
0.35,0.048,3.05,11.1,6
0.29,0.041,3.1,12.0666666666667,6
0.39,0.058,2.9,9,6
0.39,0.058,2.9,9,6
0.33,0.043,3.08,11.4,6
0.34,0.045,3.03,11,6
0.33,0.046,3.04,11,6
0.29,0.027,3.23,11.2,6
0.3,0.052,3.31,11.55,6
0.32,0.036,3.2,13.3,7
0.35,0.046,3.06,13.6,6
0.21,0.048,3.29,11.2,6
0.34,0.031,3.27,13,6
0.31,0.046,3.31,10.8,6
0.33,0.032,3.19,9.8,6
0.28,0.021,3.15,11.45,7
0.4,0.015,3.37,12.05,6
0.32,0.03,3.33,11.9,6
0.36,0.048,3.49,10,6
0.26,0.035,3.12,9.7,6
0.42,0.038,3.36,11.6,7
0.4,0.046,3.15,9.53333333333333,6
0.4,0.046,3.15,9.53333333333333,6
0.27,0.03,3.07,9.4,6
0.17,0.035,3.27,11.5,6
0.4,0.046,3.15,9.55,6
0.28,0.028,3.21,12.15,7
0.22,0.023,3.04,13,7
0.27,0.03,3.07,9.4,6
0.29,0.036,3.06,11.8,6
0.32,0.038,3.24,10.6,6
0.29,0.039,3.27,11.2,6
0.19,0.041,2.99,9.4,6
0.3,0.022,3.34,12.8,7
0.38,0.02,3.26,11.8,6
